Date,AV,C,TV
2014-08-25,5400.660095214844,9599.339904785156,15000.0
2014-08-26,8873.880157470703,6126.119842529297,15000.0
2014-08-27,9359.010269165039,5651.739860534668,15010.750129699707
2014-08-28,12279.83493614197,2692.894992828369,14972.729928970339
2014-08-29,13511.120128631592,1424.1015243530273,14935.22165298462
2014-09-02,7091.919984817505,7911.921607971191,15003.841592788696
2014-09-03,7263.33996963501,7875.991674423218,15139.331644058228
2014-09-04,14313.950180053711,804.7715969085693,15118.72177696228
2014-09-05,14363.900245666504,752.9715518951416,15116.871797561646
2014-09-08,14952.510204315186,125.67154121398926,15078.181745529175
2014-09-09,14988.790126800537,36.86153984069824,15025.651666641235
2014-09-10,14919.139972686768,88.66153144836414,15007.801504135132
2014-09-11,14932.80976486206,66.71153068542469,14999.521295547485
2014-09-12,14871.979721069336,44.89153099060047,14916.871252059937
2014-09-15,14879.350128173828,44.89153099060047,14924.241659164429
2014-09-16,12704.060041427612,2257.101648330688,14961.1616897583
2014-09-17,13116.489976882935,1827.6416378021236,14944.131614685059
2014-09-18,13841.069967269897,1114.2416591644283,14955.311626434326
2014-09-19,13824.300102233887,1158.4316005706787,14982.731702804565
2014-09-22,14751.869667053223,66.83164024353027,14818.701307296753
2014-09-23,14643.832000732422,119.42955589294434,14763.261556625366
2014-09-24,14064.074884414673,836.7120685577393,14900.786952972412
2014-09-25,14550.82642173767,69.73861885070801,14620.565040588379
2014-09-26,8757.012065887451,6065.758668899536,14822.770734786987
2014-09-29,12347.607345581055,2378.9086475372314,14726.515993118286
2014-09-30,14236.650022506714,432.98862648010254,14669.638648986816
2014-10-01,14391.992677688599,47.603994369506836,14439.596672058105
2014-10-02,14344.117950439453,130.14357376098633,14474.26152420044
2014-10-03,7130.649864196777,7538.210407257081,14668.860271453857
2014-10-06,10036.199890136719,4633.490402221681,14669.690292358398
2014-10-07,13006.660102844238,1541.9704055786142,14548.630508422852
2014-10-08,4897.139995574951,9800.220504760742,14697.360500335693
2014-10-09,10576.560009002686,3988.380474090576,14564.940483093262
2014-10-10,13365.260749816895,1045.0498428344727,14410.310592651367
2014-10-13,14032.239723205566,131.6064224243164,14163.846145629883
2014-10-14,14119.60647201538,87.64642333984375,14207.252895355225
2014-10-15,14141.370294570923,69.74228096008301,14211.112575531006
2014-10-16,8750.041160583496,5552.721187591553,14302.762348175049
2014-10-17,7384.309532165527,7010.918628692627,14395.228160858154
2014-10-20,7296.630012512207,7128.2321701049805,14424.862182617188
2014-10-21,7922.920169830322,6574.532115936279,14497.452285766602
2014-10-22,10167.159732818604,4288.782207489014,14455.941940307617
2014-10-23,11871.189807891846,2601.6022758483887,14472.792083740234
2014-10-24,12664.170127868652,1815.2822608947754,14479.452388763428
2014-10-27,10111.599889755249,4370.292421340942,14481.892311096191
2014-10-28,9618.150062561035,4921.412412643433,14539.562475204468
2014-10-29,12505.780242919922,2022.1523036956787,14527.9325466156
2014-10-30,12751.92007446289,1792.3523082733154,14544.272382736206
2014-10-31,12669.30004119873,1897.0723209381104,14566.37236213684
2014-11-03,14180.280113220215,336.4723148345947,14516.75242805481
2014-11-04,14383.229927062988,125.42231941223145,14508.65224647522
2014-11-05,14472.24031829834,51.422319412231445,14523.662637710571
2014-11-06,14015.030115127563,485.5723285675049,14500.602443695068
2014-11-07,8980.519849777222,5570.282655715942,14550.802505493164
2014-11-10,3101.1799507141113,11524.782403945923,14625.962354660034
2014-11-11,0.0,14642.972394943237,14642.972394943237
2014-11-12,2917.7600860595703,11725.212308883667,14642.972394943237
2014-11-13,2932.800071716308,11725.212308883667,14658.012380599976
2014-11-14,2942.199928283692,11725.212308883667,14667.412237167358
2014-11-17,9832.930240631104,4806.2820682525635,14639.212308883667
2014-11-18,10864.930068969727,3794.9564266204834,14659.88649559021
2014-11-19,10411.039859771729,4298.94659614563,14709.986455917358
2014-11-20,10936.140239715576,3779.0166072845454,14715.156847000122
2014-11-21,0.0,14980.686700820923,14980.686700820923
2014-11-24,0.0,14980.686700820923,14980.686700820923
2014-11-25,0.0,14980.686700820923,14980.686700820923
2014-11-26,3017.999954223633,11962.68674659729,14980.686700820923
2014-11-28,7767.279975891113,7145.006761550903,14912.286737442017
2014-12-01,12118.900268554686,2712.806734085083,14831.707002639769
2014-12-02,12839.599750518797,2096.7966709136963,14936.396421432493
2014-12-03,4392.070014953613,10678.156637191772,15070.226652145386
2014-12-04,2965.269889831543,12109.32658958435,15074.596479415894
2014-12-05,8878.400016784668,6210.286542892456,15088.686559677124
2014-12-08,4173.269927978516,10941.126432418823,15114.396360397339
2014-12-09,13048.390071868896,2052.646417617798,15101.036489486694
2014-12-10,14783.019821166992,92.38644981384277,14875.406270980835
2014-12-11,14850.910217285156,62.02644920349121,14912.936666488647
2014-12-12,14658.119785308838,62.02644920349121,14720.14623451233
2014-12-15,14585.951173782349,42.5950927734375,14628.546266555786
2014-12-16,14488.714414596558,42.5950927734375,14531.309507369995
2014-12-17,11229.730192184448,3365.4681510925293,14595.198343276978
2014-12-18,9573.199966430664,5136.598121643066,14709.79808807373
2014-12-19,4487.140016555786,10297.378171920776,14784.518188476562
2014-12-22,5639.869831085205,9153.558204650879,14793.428035736084
2014-12-23,5962.239965438843,8828.248208999634,14790.488174438477
2014-12-24,11492.329982757568,3326.578104019165,14818.908086776733
2014-12-26,9223.099948883057,5663.298166275024,14886.398115158081
2014-12-29,4588.719940185547,10313.858404159546,14902.578344345093
2014-12-30,10341.050197601318,4529.128240585327,14870.178438186646
2014-12-31,12194.19999885559,2646.368179321289,14840.56817817688
2015-01-02,14598.400184631348,244.8481731414795,14843.248357772827
2015-01-05,14544.54693031311,70.30123519897461,14614.848165512085
2015-01-06,14396.73908996582,31.568496704101562,14428.307586669922
2015-01-07,14557.618125915527,65.63849639892578,14623.256622314453
2015-01-08,4445.830039978027,10423.13410949707,14868.964149475098
2015-01-09,5694.940124511719,9140.394100189209,14835.334224700928
2015-01-12,8332.699974060059,6476.404132843018,14809.104106903076
2015-01-13,6354.360054016113,8497.884220123291,14852.244274139404
2015-01-14,10441.669834136963,4359.194274902344,14800.864109039307
2015-01-15,9484.330249786377,5385.423873901367,14869.754123687744
2015-01-16,6671.200389862061,8327.240640640259,14998.44103050232
2015-01-20,10418.676593780518,4589.141130447388,15007.817724227905
2015-01-21,5247.259197235107,9846.323734283447,15093.582931518555
2015-01-22,7871.669918060303,7289.923131942749,15161.593050003052
2015-01-23,5990.38000869751,9169.513223648071,15159.893232345581
2015-01-26,6680.510010719299,8523.723183631897,15204.233194351196
2015-01-27,12095.554613113403,3143.9185333251953,15239.473146438599
2015-01-28,14741.679016113281,353.26921463012695,15094.948230743408
2015-01-29,15087.670097351074,159.0067596435547,15246.676856994629
2015-01-30,14929.478870391846,117.33464050292969,15046.813510894775
2015-02-02,8975.406301498413,6251.500034332275,15226.906335830688
2015-02-03,6435.869873046875,8934.23390007019,15370.103773117065
2015-02-04,13840.919944763184,1509.4039516448975,15350.323896408081
2015-02-05,12448.269920349121,2920.963918685913,15369.233839035034
2015-02-06,14669.199783325195,618.2739543914795,15287.473737716675
2015-02-09,15187.470016479492,98.53395652770996,15286.003973007202
2015-02-10,15156.089859008789,98.53395652770996,15254.623815536499
2015-02-11,15154.529945373535,98.53395652770996,15253.063901901245
2015-02-12,10717.67993927002,4560.994016647339,15278.673955917358
2015-02-13,11366.430198669434,3903.4840354919434,15269.914234161377
2015-02-17,14504.109916687012,728.6440658569336,15232.753982543945
2015-02-18,14430.939987182617,833.1240539550781,15264.064041137695
2015-02-19,14837.22758102417,418.2462730407715,15255.473854064941
2015-02-20,7850.040159225463,7412.725248336792,15262.765407562256
2015-02-23,5382.54012298584,9891.605165481567,15274.145288467407
2015-02-24,2003.499984741211,13315.36512184143,15318.865106582642
2015-02-25,2644.6199798583984,12674.245126724243,15318.865106582642
2015-02-26,5201.949920654297,10113.285165786743,15315.23508644104
2015-02-27,9879.82738494873,5439.307542800903,15319.134927749634
2015-03-02,4633.309913635254,10729.710126876831,15363.020040512085
2015-03-03,14584.820213317871,773.6900463104248,15358.510259628296
2015-03-04,15276.89998626709,76.90004539489746,15353.800031661987
2015-03-05,13610.199932098389,1757.1200275421143,15367.319959640503
2015-03-06,15154.670078277588,108.85003852844238,15263.52011680603
2015-03-09,15011.160121917725,297.40003776550293,15308.560159683228
2015-03-10,14113.05006980896,1160.170000076294,15273.220069885254
2015-03-11,14533.749980926514,792.3499565124512,15326.099937438965
2015-03-12,7033.669918060303,8418.849840164185,15452.519758224487
2015-03-13,12280.539714813232,3130.8399238586426,15411.379638671875
2015-03-16,6551.350004196167,8942.749658584595,15494.099662780762
2015-03-17,7824.720087051392,7681.58967590332,15506.309762954712
2015-03-18,2308.62003326416,13297.419555664062,15606.039588928223
2015-03-19,0.0,15637.649480819702,15637.649480819702
2015-03-20,0.0,15637.649480819702,15637.649480819702
2015-03-23,0.0,15637.649480819702,15637.649480819702
2015-03-24,7621.880058288574,8015.769422531128,15637.649480819702
2015-03-25,15092.771465301514,430.41797447204567,15523.18943977356
2015-03-26,15460.489345550537,34.88026618957497,15495.369611740112
2015-03-27,11305.531970977783,4303.208688735962,15608.740659713745
2015-03-30,3665.0200881958012,12072.766269683838,15737.786357879639
2015-03-31,5965.429878234863,9775.186382293701,15740.616260528564
2015-04-01,10395.72989654541,5362.826328277588,15758.556224822998
2015-04-02,5077.630081176758,10755.39645767212,15833.026538848877
2015-04-06,0.0,15870.376483917236,15870.376483917236
2015-04-07,0.0,15870.376483917236,15870.376483917236
2015-04-08,3168.000030517578,12702.376453399658,15870.376483917236
2015-04-09,7734.300094604492,8136.076389312744,15870.376483917236
2015-04-10,8541.189819335938,7385.486530303955,15926.676349639893
2015-04-13,12346.679763793945,3558.3565711975098,15905.036334991455
2015-04-14,10568.380144119263,5363.456666946411,15931.836811065674
2015-04-15,13830.860252380371,2044.9766273498535,15875.836879730225
2015-04-16,1873.8799457550047,14060.596767425537,15934.476713180542
2015-04-17,13697.799932479858,2205.866828918457,15903.666761398315
2015-04-20,12378.160083770752,3556.246868133545,15934.406951904297
2015-04-21,3942.0,12073.61668586731,16015.61668586731
2015-04-22,13674.620124816895,2333.696672439575,16008.31679725647
2015-04-23,15111.169704437258,908.0666904449463,16019.236394882204
2015-04-24,0.0,16055.936902999878,16055.936902999878
2015-04-27,0.0,16055.936902999878,16055.936902999878
2015-04-28,9466.750045776367,6589.186857223511,16055.936902999878
2015-04-29,15850.960033416748,157.92684364318848,16008.886877059937
2015-04-30,15945.200275421143,25.49683952331543,15970.697114944458
2015-05-01,15794.40975189209,152.98684120178223,15947.396593093872
2015-05-04,14137.059715270996,1796.056833267212,15933.116548538208
2015-05-05,15778.63003540039,111.7268238067627,15890.356859207153
2015-05-06,15819.529983520508,26.94682502746582,15846.476808547974
2015-05-07,15676.340084075928,201.8168239593506,15878.156908035278
2015-05-08,9273.249961853027,6695.677194595337,15968.927156448364
2015-05-11,14452.569885253906,1460.6072254180908,15913.177110671997
2015-05-12,15371.10009765625,528.8472499847412,15899.947347640991
2015-05-13,15268.549934387207,631.8472957611084,15900.397230148315
2015-05-14,12324.09005355835,3622.9771366119385,15947.067190170288
2015-05-15,6375.8499755859375,9651.327165603638,16027.177141189575
2015-05-18,9225.449821472168,6773.627214431763,15999.07703590393
2015-05-19,12353.850021362305,3617.0972232818604,15970.947244644165
2015-05-20,14829.2299118042,1153.917230606079,15983.147142410278
2015-05-21,10548.620040893555,5487.68740272522,16036.307443618774
2015-05-22,9309.380157470703,6763.927457809448,16073.307615280151
2015-05-26,13309.240005493164,2761.4675731658936,16070.707578659058
2015-05-27,11580.250255584717,4585.527605056763,16165.77786064148
2015-05-28,11388.659828186035,4770.567575454712,16159.227403640747
2015-05-29,15575.499897003174,511.50758934020996,16087.007486343384
2015-06-01,16020.279754638672,59.9075870513916,16080.187341690063
2015-06-02,15221.76962852478,872.5476016998291,16094.31723022461
2015-06-03,11040.89992904663,5101.307783126831,16142.207712173462
2015-06-04,14728.030197143555,1332.8677387237549,16060.89793586731
2015-06-05,15905.900316238403,86.83773040771484,15992.738046646118
2015-06-08,15909.9797706604,89.22772979736328,15999.207500457764
2015-06-09,15874.290138244629,42.68772888183594,15916.977867126465
2015-06-10,13951.089778900146,2066.667621612548,16017.757400512695
2015-06-11,8472.8900680542,7626.547721862793,16099.437789916992
2015-06-12,7709.009963989258,8404.927614212036,16113.937578201294
2015-06-15,14588.732139587402,1508.2854709625244,16097.017610549927
2015-06-16,12520.140037536621,3616.173257827759,16136.31329536438
2015-06-17,9671.529857635498,6499.603319168091,16171.133176803589
2015-06-18,10918.06008720398,5292.533340454102,16210.593427658081
2015-06-19,10523.680170059204,5696.953289031982,16220.633459091187
2015-06-22,10273.10009765625,5993.123329162598,16266.223426818848
2015-06-23,13714.439979553223,2545.213363647461,16259.653343200684
2015-06-24,15189.03002166748,1081.443359375,16270.47338104248
2015-06-25,15780.563320159912,464.42029953002924,16244.983619689941
2015-06-26,16106.868186950684,94.21030235290522,16201.078489303589
2015-06-29,15429.065044403076,827.0608921051025,16256.125936508179
2015-06-30,15091.046028137207,1260.1003608703613,16351.146389007568
2015-07-01,14507.279651641846,1913.0332565307617,16420.312908172607
2015-07-02,11639.219623565674,4841.623428344726,16480.8430519104
2015-07-06,14919.949996948242,1482.774143218993,16402.724140167236
2015-07-07,15617.32069969177,773.2959461212154,16390.616645812985
2015-07-08,15862.10322189331,108.14961433410599,15970.252836227417
2015-07-09,16029.687356948853,55.19894409179642,16084.88630104065
2015-07-10,9202.593507766724,7173.494121551512,16376.087629318235
2015-07-13,8140.340061187744,8324.84980201721,16465.189863204956
2015-07-14,11585.120239257812,4903.099737167357,16488.21997642517
2015-07-15,9128.650148391724,7336.95958137512,16465.609729766846
2015-07-16,10583.76010131836,5931.8795642852765,16515.639665603638
2015-07-17,10982.770004272461,5509.4395656585675,16492.20956993103
2015-07-20,14827.159732818604,1607.3696079254132,16434.52934074402
2015-07-21,14465.14005279541,1945.9495487213117,16411.089601516724
2015-07-22,16041.650159835815,255.4495620727521,16297.099721908568
2015-07-23,15731.429876327515,406.6795310974103,16138.109407424925
2015-07-24,15769.190305709839,98.5695285797101,15867.759834289549
2015-07-27,15614.68012046814,40.33958053588684,15655.019701004027
2015-07-28,15500.630954742432,381.6895999908427,15882.320554733275
2015-07-29,4374.739992141724,11604.993864059446,15979.73385620117
2015-07-30,8790.660160064697,7196.0137386322,15986.673898696898
2015-07-31,8099.329942703247,7923.163702011107,16022.493644714354
2015-08-03,11983.200008392334,3931.253679275511,15914.453687667845
2015-08-04,14939.040189743042,1011.5636634826642,15950.603853225706
2015-08-05,10726.819957733152,5278.643735885618,16005.46369361877
2015-08-06,13523.040063858032,2345.1737022399884,15868.21376609802
2015-08-07,15149.989698410034,679.7437419891339,15829.733440399168
2015-08-10,6675.420085906982,9422.003807067867,16097.42389297485
2015-08-11,12870.000020980835,3104.583856582638,15974.583877563473
2015-08-12,15407.184675216675,431.2591915130579,15838.443866729733
2015-08-13,15700.382932662964,120.91919898986453,15821.302131652828
2015-08-14,13746.509912490845,2150.369869232174,15896.879781723019
2015-08-17,10123.379901885986,5712.04984092712,15835.429742813107
2015-08-18,13351.949672698975,2309.9699192047083,15661.919591903683
2015-08-19,14675.420064926147,774.7399063110315,15450.159971237179
2015-08-20,15072.247640609741,118.66236686706179,15190.910007476803
2015-08-21,14697.067487716675,41.55236816405886,14738.619855880734
2015-08-24,14002.08683013916,41.55236816405886,14043.639198303219
2015-08-25,14342.129411697388,41.55236816405886,14383.681779861447
2015-08-26,9853.232604980469,4931.814107894894,14785.046712875363
2015-08-27,7231.186248779297,7833.086790084835,15064.273038864132
2015-08-28,8224.732809066772,6830.254968643185,15054.987777709957
2015-08-31,8773.934951782227,6214.144828796383,14988.07978057861
2015-09-01,13066.035152435303,1640.3945674896208,14706.429719924923
2015-09-02,14497.792812347412,397.32583045959166,14895.118642807003
2015-09-03,13762.382396697998,1197.1821269988977,14959.564523696896
2015-09-04,14353.58341217041,337.76374626159304,14691.347158432003
2015-09-08,6639.211051940918,8554.627334594723,15193.83838653564
2015-09-09,9924.107242584229,5239.735366821285,15163.842609405514
2015-09-10,7215.346399307251,7978.996477127072,15194.342876434323
2015-09-11,8589.555034637451,6618.4920425415,15208.047077178951
2015-09-14,10521.877889633179,4650.175304412838,15172.053194046017
2015-09-15,11076.003351211548,4165.905290603634,15241.908641815182
2015-09-16,7013.888088226318,8407.312009811398,15421.200098037716
2015-09-17,9832.209287643433,5550.851322174069,15383.060609817501
2015-09-18,13391.144083023071,1808.6963729858362,15199.840456008907
2015-09-21,13606.202024459839,1658.038269042965,15264.240293502804
2015-09-22,14616.564855575562,423.9477100372278,15040.51256561279
2015-09-23,14860.532358169556,107.16615867614382,14967.6985168457
2015-09-24,14800.219184875488,43.584583282467065,14843.803768157955
2015-09-25,9300.113059997559,5688.992012023922,14989.10507202148
2015-09-28,12873.248893737793,1859.9452438354456,14733.194137573239
2015-09-29,14120.626434326172,600.1824340820276,14720.8088684082
2015-09-30,7299.759582519531,7722.403823852535,15022.163406372067
2015-10-01,7129.1632080078125,7964.599411010739,15093.762619018551
2015-10-02,7649.393703460693,7550.410594940182,15199.804298400875
2015-10-05,7679.747890472412,7685.8203792571985,15365.56826972961
2015-10-06,7613.430809020996,7712.490381240841,15325.921190261837
2015-10-07,7734.793703079224,7707.8674621581995,15442.661165237423
2015-10-08,7759.4264488220215,7753.34664726257,15512.773096084591
2015-10-09,7767.304838180542,7733.176647186276,15500.481485366818
2015-10-12,7761.366949081421,7725.836647033688,15487.203596115109
2015-10-13,12894.082235336304,2526.5611591339075,15420.643394470211
2015-10-14,12666.409635543823,2734.989570617672,15401.399206161495
2015-10-15,8476.665147781372,7201.044223785397,15677.709371566769
2015-10-16,7617.1425495147705,8098.075813293453,15715.218362808224
2015-10-19,9224.591314315796,6454.482067108151,15679.073381423947
2015-10-20,9964.72769355774,5740.19692611694,15704.924619674679
2015-10-21,12851.206106185913,2763.510801315304,15614.716907501217
2015-10-22,5856.8495082855225,10035.53357505798,15892.383083343502
2015-10-23,8961.994533538818,6969.736801147457,15931.731334686276
2015-10-26,8389.116008758545,7503.918720245358,15893.034729003903
2015-10-27,10027.495985031128,5812.08662986755,15839.582614898678
2015-10-28,10573.131275177002,5316.036663055416,15889.167938232418
2015-10-29,12144.786289215088,3677.935466766354,15822.721755981442
2015-10-30,14379.157976150515,1382.9214572906458,15762.07943344116
2015-11-02,10536.657947540283,5334.843351364133,15871.501298904415
2015-11-03,11574.738193511963,4345.858060836789,15920.596254348751
2015-11-04,10501.98720741272,5492.137519836422,15994.124727249142
2015-11-05,11034.660989761353,4948.716503143307,15983.37749290466
2015-11-06,14312.190073013306,1644.675682067868,15956.865755081173
2015-11-09,15629.879858016968,213.91569900512377,15843.795557022091
2015-11-10,14759.719844818115,1050.3455619811975,15810.065406799313
2015-11-11,14403.910177230835,1406.9954948425257,15810.90567207336
2015-11-12,14649.790058135986,1042.4553623199427,15692.245420455929
2015-11-13,15417.139961242676,194.20537376403445,15611.34533500671
2015-11-16,9328.799924850464,6502.215562820432,15831.015487670895
2015-11-17,12030.069940567017,3799.665517807004,15829.73545837402
2015-11-18,8656.32004737854,7335.475370407101,15991.79541778564
2015-11-19,6827.160026550293,9187.425354003903,16014.585380554196
2015-11-20,8479.58981704712,7557.855388641354,16037.445205688473
2015-11-23,7966.929908752441,8058.045387268063,16024.975296020504
2015-11-24,11535.258968353271,4509.7965469360315,16045.055515289303
2015-11-25,12718.632507324219,3309.6466140747034,16028.279121398922
2015-11-27,12778.09998703003,3119.559566497799,15897.659553527828
2015-11-30,12429.950010299683,3511.809520721432,15941.759531021115
2015-12-01,6072.600019454956,10044.779731750485,16117.37975120544
2015-12-02,11596.079795837402,4451.929843902584,16048.009639739987
2015-12-03,14109.15984916687,1844.3798599243128,15953.539709091183
2015-12-04,4730.600059509277,11427.779943466181,16158.380002975458
2015-12-07,11421.990188598633,4689.779821395869,16111.770009994501
2015-12-08,14025.249778747559,1901.9098701476996,15927.159648895258
2015-12-09,12415.39966583252,3540.3098812103217,15955.709547042841
2015-12-10,14333.54995918274,1627.1598796844428,15960.709838867182
2015-12-11,15138.140071868896,536.3298797607367,15674.469951629633
2015-12-14,15660.85005378723,93.93988227843693,15754.789936065667
2015-12-15,12468.260166168213,3380.359750747676,15848.61991691589
2015-12-16,4847.080024719238,11182.44971656799,16029.529741287228
2015-12-17,10081.719814300537,5884.359838485714,15966.079652786251
2015-12-18,11026.540203094482,4815.189805984493,15841.730009078976
2015-12-21,13912.11011505127,1958.2597961425745,15870.369911193844
2015-12-22,5422.220043182373,10608.209644317623,16030.429687499996
2015-12-23,7608.310001373291,8482.99960517883,16091.30960655212
2015-12-24,7062.110010147095,9017.259624481198,16079.369634628292
2015-12-28,7963.839931488037,8082.049619674679,16045.889551162716
2015-12-29,8186.939756393433,7898.019620895382,16084.959377288815
2015-12-30,12760.399997711182,3241.7296276092493,16002.129625320431
2015-12-31,14630.819915771484,1324.6096477508509,15955.429563522335
2016-01-04,15253.970003128054,378.4896507263147,15632.459653854368
2016-01-05,15479.399883270264,156.12965393066042,15635.529537200924
2016-01-06,15221.820259094238,93.7896518707239,15315.609910964962
2016-01-07,14901.999906539917,51.489652633663354,14953.48955917358
2016-01-08,14769.610349655148,33.05965232848757,14802.670001983635
2016-01-11,14722.200262069702,33.05965232848757,14755.25991439819
2016-01-12,14622.260013580322,154.54965400695437,14776.809667587277
2016-01-13,14478.369884490967,94.8096542358362,14573.179538726803
2016-01-14,9404.799924850464,5359.259632110592,14764.059556961056
2016-01-15,12355.260162353516,2208.7696037292444,14564.02976608276
2016-01-19,12551.299760818481,2005.6896038055384,14556.98936462402
2016-01-20,13556.669826507568,834.6396083831751,14391.309434890743
2016-01-21,14155.160404205322,314.1695995330774,14469.3300037384
2016-01-22,2735.619972229004,11950.49931144714,14686.119283676144
2016-01-25,9441.180084228516,5202.799253463742,14643.979337692257
2016-01-26,5423.499950408936,9369.949220657347,14793.449171066282
2016-01-27,10046.469926834106,4697.849288940428,14744.319215774534
2016-01-28,7658.600074768066,7143.1293411254865,14801.729415893553
2016-01-29,6075.800018310547,8949.449367523192,15025.249385833738
2016-02-01,6739.099937438965,8275.069366455076,15014.169303894041
2016-02-02,9144.149766921997,5771.099462509153,14915.24922943115
2016-02-03,7575.349893569946,7466.789493560789,15042.139387130735
2016-02-04,9465.590208053589,5599.649452209471,15065.23966026306
2016-02-05,9950.390434265139,5051.509405136107,15001.899839401245
2016-02-08,12788.580249786377,2059.709360122679,14848.289609909056
2016-02-09,13949.490238189699,835.859365463255,14785.349603652954
2016-02-10,14488.289817810059,326.58936691284,14814.879184722899
2016-02-11,14592.5397605896,123.18936920165834,14715.729129791258
2016-02-12,5578.6999168396,9440.209453582762,15018.909370422361
2016-02-16,8041.839916229248,7122.359443664549,15164.199359893797
2016-02-17,10664.220127105713,4568.249389648436,15232.469516754149
2016-02-18,8001.4000244140625,7251.359180450438,15252.7592048645
2016-02-19,8044.619928359985,7178.109142303465,15222.72907066345
2016-02-22,6296.069858551025,9086.739093780516,15382.808952331541
2016-02-23,8941.599830627441,6343.689159393309,15285.28899002075
2016-02-24,10638.509922027588,4663.889204025267,15302.399126052855
2016-02-25,6465.1199588775635,8974.029035568234,15439.148994445797
2016-02-26,6927.510154724121,8548.29906082153,15475.80921554565
2016-02-29,6914.669967651367,8545.099067687985,15459.769035339352
2016-03-01,6901.010000228881,8720.579067230221,15621.589067459103
2016-03-02,8686.780012130737,6963.1791000366175,15649.959112167355
2016-03-03,9426.530094146729,6252.629117965695,15679.159212112423
2016-03-04,10277.929971694946,5462.829151153561,15740.759122848507
2016-03-07,11328.309829711914,4410.739166259762,15739.048995971676
2016-03-08,10529.500074386597,5186.029314041134,15715.52938842773
2016-03-09,12143.370094299316,3617.5492572784387,15760.919351577755
2016-03-10,13744.76005744934,2031.599231719967,15776.359289169308
2016-03-11,5648.990119934082,10374.33921051025,16023.329330444332
2016-03-14,9270.439940452576,6738.279168128964,16008.71910858154
2016-03-15,11321.24006652832,4667.279179573055,15988.519246101376
2016-03-16,6657.089937210083,9552.759016990658,16209.848954200741
2016-03-17,5206.199993133545,11112.4889383316,16318.688931465145
2016-03-18,6467.5798988342285,9872.348958015438,16339.928856849667
2016-03-21,9005.690021514893,7346.458956718441,16352.148978233334
2016-03-22,14401.719813346863,1930.159018516537,16331.8788318634
2016-03-23,15855.570163726807,277.9890108108484,16133.559174537655
2016-03-24,16055.589891433716,63.26900959014529,16118.858901023861
2016-03-28,16050.840182304382,83.90900993346804,16134.74919223785
2016-03-29,3317.7199630737305,12995.359226226801,16313.079189300532
2016-03-30,6703.530069351196,9566.49912643432,16270.029195785517
2016-03-31,5984.690053939819,10290.639141082758,16275.329195022578
2016-04-01,11054.41005897522,5184.059101104731,16238.46916007995
2016-04-04,14830.85998916626,1321.0391407012885,16151.899129867548
2016-04-05,11669.160187721252,4479.379263877863,16148.539451599116
2016-04-06,15526.660110473633,644.1892452239936,16170.849355697626
2016-04-07,14551.77004623413,1427.8392009735053,15979.609247207636
2016-04-08,6542.679899215699,9838.448930740351,16381.128829956051
2016-04-11,4909.919900894165,11549.828861236567,16459.74876213073
2016-04-12,11634.230125427246,4837.008792877192,16471.238918304436
2016-04-13,11982.850009918213,4540.368797302241,16523.21880722045
2016-04-14,13133.769897460938,3375.178848266596,16508.94874572753
2016-04-15,6594.669902801514,9953.33868026733,16548.008583068844
2016-04-18,8094.579827308655,8477.568710327145,16572.1485376358
2016-04-19,3458.7999114990234,13229.468728065487,16688.26863956451
2016-04-20,6838.230010986328,9819.838707923886,16658.068718910214
2016-04-21,12587.590085983276,4022.3186674118006,16609.908753395077
2016-04-22,16119.610084533691,486.76864147185915,16606.37872600555
2016-04-25,16314.169776916504,281.0586881637537,16595.228465080258
2016-04-26,10208.599964141846,6509.948887825009,16718.548851966854
2016-04-27,14098.799829483032,2613.9790563583338,16712.778885841366
2016-04-28,15765.560348510742,653.0389986038172,16418.59934711456
2016-04-29,16154.611911773682,85.69734287261599,16240.309254646298
2016-05-02,16328.772930145264,59.437342643734155,16388.210272788998
2016-05-03,16169.725788116455,40.01734256744021,16209.743130683895
2016-05-04,16042.913306236267,27.657342910762964,16070.57064914703
2016-05-05,16104.476318359375,27.657342910762964,16132.133661270138
2016-05-06,14162.986618041992,1965.770060539242,16128.756678581234
2016-05-09,9679.243783950806,6468.245553016657,16147.489336967463
2016-05-10,8124.339942932129,8179.676812171931,16304.01675510406
2016-05-11,11255.82006263733,4945.606818199152,16201.426880836481
2016-05-12,14920.649662017822,1235.1673440933173,16155.81700611114
2016-05-13,15936.732982635498,91.28433322905948,16028.017315864558
2016-05-16,9559.253826141357,6663.938502311701,16223.192328453059
2016-05-17,15743.94828414917,406.2880945205634,16150.236378669733
2016-05-18,13843.520160675049,2270.2411355972235,16113.761296272272
2016-05-19,15977.299728393555,78.8711843490546,16056.17091274261
2016-05-20,13132.91999053955,3025.9611301422065,16158.881120681757
2016-05-23,14768.989917755127,1378.3211479186957,16147.311065673823
2016-05-24,13988.550109863281,2213.9512023925727,16202.501312255854
2016-05-25,14313.240268707275,1899.6311454772895,16212.871414184565
2016-05-26,12102.320053100586,4138.751260757441,16241.071313858027
2016-05-27,13530.880175590515,2644.5112657546943,16175.39144134521
2016-05-31,14928.390026092527,1244.121275901789,16172.511301994316
2016-06-01,15782.670028686523,423.85126686095646,16206.52129554748
2016-06-02,13476.909892082214,2790.3513412475518,16267.261233329766
2016-06-03,3766.299942016602,12865.4710073471,16631.7709493637
2016-06-06,2583.119956970215,14062.771014213555,16645.89097118377
2016-06-07,0.0,16677.85098552703,16677.85098552703
2016-06-08,0.0,16677.85098552703,16677.85098552703
2016-06-09,8114.710048675537,8563.140936851494,16677.85098552703
2016-06-10,16517.07089614868,87.79501628875005,16604.86591243743
2016-06-13,16385.98371887207,21.675013542168017,16407.65873241424
2016-06-14,16295.344543457031,21.675013542168017,16317.0195569992
2016-06-15,16194.255815505981,132.1206674575733,16326.376482963555
2016-06-16,15071.652914047241,1235.4452505111622,16307.098164558403
2016-06-17,15385.385639190674,897.2388429641651,16282.624482154839
2016-06-20,7468.747489929199,8980.340676307671,16449.08816623687
2016-06-21,10226.445467948914,6246.249792098992,16472.695260047905
2016-06-22,14527.501353263855,1948.7478256225513,16476.249178886406
2016-06-23,15084.60009098053,1372.2484855651783,16456.848576545708
2016-06-24,0.0,16650.33829402923,16650.33829402923
2016-06-27,12328.809875488281,4321.528418540947,16650.33829402923
2016-06-28,5942.329889297485,11074.0483636856,17016.378252983086
2016-06-29,1413.9100189208984,15712.448264122002,17126.3582830429
2016-06-30,0.0,17148.988268852227,17148.988268852227
2016-07-01,0.0,17148.988268852227,17148.988268852227
2016-07-05,0.0,17148.988268852227,17148.988268852227
2016-07-06,14834.220258712769,2314.768010139458,17148.988268852227
2016-07-07,16647.150310516357,454.2379674911426,17101.3882780075
2016-07-08,1663.9999389648438,15818.438042640679,17482.437981605523
2016-07-11,4773.960136413574,12646.477952003472,17420.438088417046
2016-07-12,14306.479763031006,3173.5579843521045,17480.03774738311
2016-07-13,14327.839756011963,3173.5579843521045,17501.397740364067
2016-07-14,15465.200294494629,2010.917969703667,17476.118264198296
2016-07-15,11466.310152053833,6022.248263359063,17488.558415412896
2016-07-18,14542.849792480469,2955.2983293533252,17498.148121833794
2016-07-19,9995.849952697754,7523.638566017144,17519.488518714898
2016-07-20,11586.240119934082,5787.868493080132,17374.108613014214
2016-07-21,10938.979545593262,6664.448571205132,17603.428116798394
2016-07-22,12180.750053405762,5323.778550148003,17504.528603553765
2016-07-25,14048.000480651855,3382.7185716628956,17430.71905231475
2016-07-26,6744.419963836671,10782.398499488823,17526.818463325493
2016-07-27,13965.990142822266,3527.7884416580127,17493.77858448028
2016-07-28,13588.679954528809,4165.688328742975,17754.368283271782
2016-07-29,9517.820304870605,8296.818081855767,17814.638386726372
2016-08-01,15233.990116119385,2530.1080217361377,17764.098137855523
2016-08-02,17613.570110321045,103.68802356719243,17717.258133888237
2016-08-03,17671.75977706909,103.67802524565923,17775.43780231475
2016-08-04,12853.78995513916,4979.647913932793,17833.437869071953
2016-08-05,11352.789710998535,6533.717862129208,17886.507573127743
2016-08-08,16799.939860343933,1098.2978706359827,17898.237730979916
2016-08-09,10373.580244064331,7592.127880096432,17965.708124160763
2016-08-10,10577.12986946106,7419.047870635983,17996.177740097042
2016-08-11,7782.39990234375,10192.807870864865,17975.207773208615
2016-08-12,12891.440023422241,5216.887866973873,18108.327890396115
2016-08-15,4747.3700160980225,13379.767887115475,18127.137903213497
2016-08-16,14969.900005340576,3151.487819671627,18121.387825012203
2016-08-17,17062.91007041931,1044.517724990841,18107.427795410153
2016-08-18,13132.249898910522,5057.617771148678,18189.8676700592
2016-08-19,17011.87982749939,1047.7677593231165,18059.647586822506
2016-08-22,16464.610357284542,1454.7677402496302,17919.378097534172
2016-08-23,14424.779991149902,3553.4979724883997,17978.277963638302
2016-08-24,17551.859901428223,455.42797088622683,18007.28787231445
2016-08-25,17808.829792022705,260.38819503783816,18069.217987060543
2016-08-26,17924.249895095825,37.0481967925989,17961.298091888424
2016-08-29,10679.87991142273,7532.878122329708,18212.758033752438
2016-08-30,14862.680034637451,3265.818090438839,18128.49812507629
2016-08-31,17837.119804382324,241.80812263488406,18078.92792701721
2016-09-01,17821.250118255615,364.7381649017293,18185.988283157345
2016-09-02,4832.9599685668945,13578.198015213009,18411.157983779904
2016-09-06,8676.280006408691,9696.97803688049,18373.25804328918
2016-09-07,11961.239797592165,6304.168104171749,18265.407901763916
2016-09-08,3762.2200469970703,15033.787710189816,18796.007757186886
2016-09-09,18569.809885025024,116.85771942138308,18686.667604446407
2016-09-12,18781.429885864258,24.13772010802859,18805.567605972286
2016-09-13,18528.060052871704,24.13772010802859,18552.197772979733
2016-09-14,18489.95008277893,61.73757553100222,18551.687658309933
2016-09-15,16089.39086151123,2588.7902927398663,18678.1811542511
2016-09-16,18222.107250213623,366.57324600219545,18588.68049621582
2016-09-19,15950.760131835938,2698.013168334959,18648.7733001709
2016-09-20,13562.27989578247,5122.683208465574,18684.963104248047
2016-09-21,1207.650032043457,17657.983356475826,18865.633388519283
2016-09-22,0.0,18866.983333587643,18866.983333587643
2016-09-23,0.0,18866.983333587643,18866.983333587643
2016-09-26,18468.37000465393,398.6133289337122,18866.983333587643
2016-09-27,18303.500005722046,720.3633537292444,19023.86335945129
2016-09-28,11095.24001121521,8081.7133731842005,19176.95338439941
2016-09-29,17495.299953460693,1615.0633563995325,19110.363309860226
2016-09-30,18962.68005466461,160.01335144042605,19122.693406105038
2016-10-03,18973.270267486572,29.48335075378054,19002.753618240353
2016-10-04,18424.08031463623,29.48335075378054,18453.56366539001
2016-10-05,15459.820095062256,2970.7734718322718,18430.593566894528
2016-10-06,17999.370441436768,231.40344238280886,18230.773883819576
2016-10-07,17837.760177612305,444.1234378814661,18281.88361549377
2016-10-10,14382.290271759033,3977.4233455657923,18359.713617324825
2016-10-11,17656.42026901245,615.4633426666223,18271.883611679074
2016-10-12,17725.539966583252,570.1933784484827,18295.733345031735
2016-10-13,15188.139729499817,3133.3835248947107,18321.523254394528
2016-10-14,17499.82021522522,801.8635120391809,18301.6837272644
2016-10-17,14519.639965057373,3766.123567581173,18285.763532638546
2016-10-18,10276.139797210693,8114.323640823361,18390.463438034054
2016-10-19,3428.03995513916,15060.753936767574,18488.793891906735
2016-10-20,3022.470039367676,15482.493942260739,18504.963981628414
2016-10-21,8584.550018310547,9895.473884582516,18480.023902893063
2016-10-24,14416.00016784668,4059.6937789916956,18475.693946838375
2016-10-25,17730.869663238525,622.9638023376428,18353.83346557617
2016-10-26,15605.259796142578,2622.4538917541463,18227.713687896725
2016-10-27,18248.770029067993,20.953836441035946,18269.72386550903
2016-10-28,18077.960132598877,20.953836441035946,18098.913969039913
2016-10-31,17863.960105895996,52.47383689879962,17916.433942794796
2016-11-01,17723.18998336792,52.47383689879962,17775.66382026672
2016-11-02,17587.320194244385,35.83383750915118,17623.154031753536
2016-11-03,17416.999505996704,73.2938404083211,17490.293346405026
2016-11-04,17180.850164413452,351.3138027191126,17532.163967132565
2016-11-07,7267.680030822754,10612.313827514645,17879.9938583374
2016-11-08,14408.760082244873,3429.583847045895,17838.343929290768
2016-11-09,13715.459991455078,4166.373798370358,17881.833789825436
2016-11-10,16756.319787979126,1082.2237720489466,17838.543560028073
2016-11-11,17600.440006256104,127.53377723693484,17727.97378349304
2016-11-14,16081.560216903687,1687.0437469482385,17768.603963851925
2016-11-15,16040.719955444336,1860.833690643307,17901.553646087643
2016-11-16,12719.619995117188,5161.873744964596,17881.493740081783
2016-11-17,13533.060047149658,4342.653659820553,17875.71370697021
2016-11-18,13951.800088882446,3981.1836242675745,17932.98371315002
2016-11-21,14843.390087127686,3149.0336608886682,17992.423748016354
2016-11-22,10964.900085449219,7073.703708648678,18038.603794097897
2016-11-23,14041.799949645996,4007.0237236022913,18048.823673248287
2016-11-25,14889.479583740234,3174.823768615719,18064.303352355953
2016-11-28,6020.450008392334,12136.253974914547,18156.70398330688
2016-11-29,10351.449756622314,7822.584110260006,18174.03386688232
2016-11-30,13199.749984741211,4943.584117889401,18143.33410263061
2016-12-01,16769.890022277832,1293.4041175842249,18063.294139862057
2016-12-02,17231.05005455017,880.1540737152063,18111.204128265377
2016-12-05,8177.67004776001,10025.603940963741,18203.27398872375
2016-12-06,13291.929857254028,4902.643991470333,18194.57384872436
2016-12-07,7117.049987792969,11166.003833770748,18283.053821563717
2016-12-08,8562.190170288086,9766.453853607174,18328.64402389526
2016-12-09,14313.979837417603,3994.7139072418177,18308.69374465942
2016-12-12,17235.63991546631,1035.813894271847,18271.453809738156
2016-12-13,15338.979864120483,2988.2438030242884,18327.22366714477
2016-12-14,17731.449977874756,497.63381767272585,18229.08379554748
2016-12-15,18099.050058364868,79.1537990570032,18178.20385742187
2016-12-16,18078.970239639282,59.203798294063745,18138.174037933346
2016-12-19,16262.340143203735,1911.1538372039759,18173.49398040771
2016-12-20,16310.850049972534,1839.2538604736292,18150.103910446163
2016-12-21,15741.720319747925,2460.8538475036585,18202.574167251583
2016-12-22,17746.150062561035,306.1838417053184,18052.333904266354
2016-12-23,17058.00011062622,1020.2138671874964,18078.213977813717
2016-12-27,14569.99006652832,3543.9639129638635,18113.953979492184
2016-12-28,12941.619863510132,5171.813873291012,18113.433736801144
2016-12-29,15867.769912719727,2307.3039913177454,18175.073904037472
2016-12-30,17569.150066375732,548.0538463592493,18117.20391273498
2017-01-03,10734.900156021118,7527.243705749508,18262.143861770626
2017-01-04,7515.790168762207,10832.503490447994,18348.2936592102
2017-01-05,9722.399993896484,8729.023525238033,18451.423519134518
2017-01-06,10395.199899673462,7992.833557128903,18388.033456802365
2017-01-09,13533.14001083374,4703.413623809811,18236.55363464355
2017-01-10,10677.860084533691,7844.383831024166,18522.243915557858
2017-01-11,9903.120323181152,8748.293743133541,18651.414066314694
2017-01-12,11884.709802627563,6769.1438083648645,18653.853610992428
2017-01-13,9493.039840698242,9152.663818359371,18645.703659057614
2017-01-17,1812.5099487304688,16883.55346679687,18696.06341552734
2017-01-18,15133.870040893555,3554.213432312008,18688.083473205563
2017-01-19,18508.389965057373,123.11347198485964,18631.503437042233
2017-01-20,16158.300201416016,2546.4434738159143,18704.74367523193
2017-01-23,12029.070121765137,6692.443496704098,18721.513618469235
2017-01-24,2919.580093383789,15918.693222045895,18838.273315429684
2017-01-25,6079.729804992676,12750.38332366943,18830.113128662106
2017-01-26,8663.779876708984,10176.983360290524,18840.763236999508
2017-01-27,2061.1199340820312,16789.743148803707,18850.86308288574
2017-01-30,18116.149940490723,731.3531570434534,18847.503097534176
2017-01-31,18689.539934158325,162.4133205413782,18851.953254699703
2017-02-01,17438.82993888855,1466.4433231353723,18905.273262023922
2017-02-02,18125.16997909546,802.5733966827356,18927.743375778195
2017-02-03,9604.420207977295,9306.193389892574,18910.61359786987
2017-02-06,12539.790042877197,6369.463497161862,18909.25354003906
2017-02-07,17390.500047683716,1669.193449020382,19059.693496704098
2017-02-08,15128.650007247925,3996.2933330535852,19124.94334030151
2017-02-09,9202.630195617676,10009.71320533752,19212.343400955197
2017-02-10,5895.680030822754,13347.972980499264,19243.653011322018
2017-02-13,10596.719924926758,8559.413013458248,19156.132938385006
2017-02-14,13661.300102233887,5463.0929908752405,19124.393093109127
2017-02-15,15673.68013381958,3464.7229728698694,19138.40310668945
2017-02-16,9865.680114746094,9111.923145294186,18977.60326004028
2017-02-17,14869.759677886965,4096.56324768066,18966.322925567627
2017-02-21,12775.140319824217,5313.253143310543,18088.39346313476
2017-02-22,14847.880353927614,3259.4931049346887,18107.373458862305
2017-02-23,16432.900287628174,1830.6330604553186,18263.533348083492
2017-02-24,11275.519607543945,7180.7837944030725,18456.303401947018
2017-02-27,12122.199871063232,6415.82383728027,18538.023708343502
2017-02-28,17359.27991294861,1147.4637851715052,18506.743698120114
2017-03-01,5709.470048904419,13068.203809738156,18777.673858642574
2017-03-02,13445.350234985352,5331.183732986447,18776.533967971798
2017-03-03,17235.99965286255,1542.9538707733118,18778.95352363586
2017-03-06,18618.339893341064,114.833871841427,18733.17376518249
2017-03-07,18628.050233840942,33.48384475707635,18661.53407859802
2017-03-08,18286.709869384766,233.86383819579714,18520.573707580563
2017-03-09,18317.880445480347,83.25383758544561,18401.134283065792
2017-03-10,17422.200370788574,996.1138153076135,18418.314186096188
2017-03-13,16206.730377197266,2217.3837661743128,18424.11414337158
2017-03-14,17641.47982788086,769.5737762451135,18411.053604125973
2017-03-15,2277.4199981689453,16375.513839721676,18652.93383789062
2017-03-16,5898.480209350586,12750.62371063232,18649.103919982907
2017-03-17,7936.46012878418,10730.703605651852,18667.16373443603
2017-03-20,14692.760208129881,3976.6234817504846,18669.383689880364
2017-03-21,17512.399883270264,1015.1635475158655,18527.56343078613
2017-03-22,18372.700275421143,160.85354995727175,18533.553825378414
2017-03-23,16585.699878692627,1955.2135925292932,18540.91347122192
2017-03-24,17518.20018386841,1013.1835975646936,18531.383781433102
2017-03-27,12146.889881134033,6375.173423767086,18522.06330490112
2017-03-28,2714.2501068115234,15912.603492736813,18626.853599548336
2017-03-29,3193.489974975586,15445.263496398922,18638.753471374508
2017-03-30,7517.280174255371,11130.903434753414,18648.183609008785
2017-03-31,14648.790084838867,3964.8833618164026,18613.67344665527
2017-04-03,13863.020347595217,4850.363422393795,18713.383769989014
2017-04-04,12432.880088806152,6260.623447418209,18693.50353622436
2017-04-05,11643.580101013184,7052.313129425045,18695.89323043823
2017-04-06,15138.910011291504,3578.943180084225,18717.85319137573
2017-04-07,14939.959976196289,3786.933269500729,18726.893245697018
2017-04-10,16559.390106201172,2153.71331787109,18713.103424072262
2017-04-11,15979.239698410034,2795.893541336056,18775.13323974609
2017-04-12,16300.300207138062,2494.1335277557337,18794.433734893795
2017-04-13,18476.049839019775,169.62353897094363,18645.67337799072
2017-04-17,5752.4599533081055,13141.703227996823,18894.163181304928
2017-04-18,14597.640071868896,4289.603076934811,18887.243148803707
2017-04-19,13895.180366516113,4896.462898254391,18791.643264770504
2017-04-20,12924.830089569092,5971.082912445065,18895.913002014157
2017-04-21,16465.47988510132,2372.8928947448694,18838.372779846188
2017-04-24,12773.499782562256,6208.013122558591,18981.512905120846
2017-04-25,16878.630039215088,2047.2131080627414,18925.84314727783
2017-04-26,17998.42013835907,851.6130981445285,18850.033236503597
2017-04-27,16685.110216140747,2074.1629962921115,18759.273212432858
2017-04-28,17921.76945590973,823.7429962158176,18745.512452125546
2017-05-01,17370.899662017822,1176.6530075073215,18547.552669525143
2017-05-02,18228.86018371582,147.4530105590793,18376.3131942749
2017-05-03,17885.560251235962,299.3930091857883,18184.95326042175
2017-05-04,17762.26024246216,37.21300601958956,17799.473248481747
2017-05-05,16278.089878082275,1698.8330125808689,17976.922890663143
2017-05-08,17444.81004714966,489.972990036008,17934.783037185665
2017-05-09,17482.81990623474,329.8729772567722,17812.692883491512
2017-05-10,11194.170177459717,6831.502774238584,18025.6729516983
2017-05-11,12849.320073127747,5237.232668876644,18086.55274200439
2017-05-12,15008.47999095917,3087.052742004391,18095.532732963562
2017-05-15,10465.140043258667,7720.592552185055,18185.732595443722
2017-05-16,12728.430096626282,5472.47253990173,18200.90263652801
2017-05-17,13926.339776992798,4242.072636604305,18168.412413597103
2017-05-18,17695.580492973328,472.7826118469202,18168.363104820248
2017-05-19,6957.579879760742,11401.19302845001,18358.772908210754
2017-05-22,7725.659952163696,10670.833022117613,18396.49297428131
2017-05-23,8739.860094070435,9650.692942619322,18390.55303668976
2017-05-24,6833.800252914429,11585.092995643614,18418.893248558044
2017-05-25,9139.259948730469,9144.842991828917,18284.102940559387
2017-05-26,9286.399765014648,9149.802971839903,18436.202736854553
2017-05-30,13519.629793167114,4899.172926902769,18418.802720069885
2017-05-31,16844.690105438232,1319.8528089523297,18164.542914390564
2017-06-01,11301.079814910889,6894.752797126768,18195.83261203766
2017-06-02,14220.87959098816,3932.7928514480573,18153.67244243622
2017-06-05,14497.690183639526,3590.672802925108,18088.362986564636
2017-06-06,7798.580150604248,10520.302981376648,18318.883131980896
2017-06-07,14919.020055770874,3372.4530420303345,18291.47309780121
2017-06-08,16221.680128097534,2087.293065071106,18308.97319316864
2017-06-09,13436.519931793213,4882.163352012635,18318.683283805847
2017-06-12,17556.739978790283,754.9134855270395,18311.65346431732
2017-06-13,13795.030016899109,4559.473547935487,18354.503564834595
2017-06-14,13760.879829406738,4563.343843460083,18324.22367286682
2017-06-15,17426.97000026703,829.1938409805298,18256.16384124756
2017-06-16,18171.56974506378,87.05384349822998,18258.62358856201
2017-06-19,16113.3297290802,2084.273904800415,18197.603633880615
2017-06-20,17488.789931297302,635.9739151000977,18124.7638463974
2017-06-21,17991.669655799866,76.52392292022705,18068.193578720093
2017-06-22,14965.819721221924,3204.6840267181396,18170.503747940063
2017-06-23,16128.349500656128,2100.6742515563965,18229.023752212524
2017-06-26,9527.289939880371,8795.764427185059,18323.05436706543
2017-06-27,9961.489882469177,8358.114316940308,18319.604199409485
2017-06-28,10006.660015106201,8403.49429321289,18410.15430831909
2017-06-29,17759.329914093018,597.334300994873,18356.66421508789
2017-06-30,18224.61014175415,121.1142988204956,18345.724440574646
2017-07-03,16847.379855155945,1418.7343444824219,18266.114199638367
2017-07-05,18210.020259857178,66.0543212890625,18276.07458114624
2017-07-06,18204.73000717163,19.954322814941403,18224.684329986572
2017-07-07,16809.5897731781,1397.5542678833008,18207.1440410614
2017-07-10,15102.569681167603,3131.0641803741455,18233.633861541748
2017-07-11,11503.749984741211,6764.584266662598,18268.33425140381
2017-07-12,7256.400074958801,11054.194283485413,18310.594358444214
2017-07-13,11479.960083007812,6803.664247512817,18283.62433052063
2017-07-14,6828.479984283447,11512.664213180542,18341.14419746399
2017-07-17,8423.170018196106,9940.344214439392,18363.514232635498
2017-07-18,5585.310092926025,12813.054069519043,18398.36416244507
2017-07-19,5188.3199634552,13216.214071273804,18404.534034729004
2017-07-20,5285.529960632324,13122.894073486328,18408.424034118652
2017-07-21,9552.000020980835,8892.90419960022,18444.904220581055
2017-07-24,12085.269836425781,6374.854305267334,18460.124141693115
2017-07-25,9042.040103912354,9473.204265594482,18515.244369506836
2017-07-26,10163.749862670898,8381.534336090088,18545.284198760986
2017-07-27,15517.479892730713,3012.284469604492,18529.764362335205
2017-07-28,16315.310393333435,2232.224136352539,18547.534529685974
2017-07-31,13711.869674682617,4819.254194259644,18531.12386894226
2017-08-01,15997.119951248169,2545.6542015075684,18542.774152755737
2017-08-02,17471.35970878601,984.8942394256592,18456.25394821167
2017-08-03,18033.989988327026,344.5742483139038,18378.56423664093
2017-08-04,18311.95068359375,95.32424640655518,18407.274930000305
2017-08-07,3971.660015106201,14449.554467201231,18421.214482307434
2017-08-08,13109.360294342041,5324.834235191343,18434.194529533386
2017-08-09,16568.200073242188,1917.394171714781,18485.59424495697
2017-08-10,18255.47030067444,100.89416980743204,18356.36447048187
2017-08-11,18294.489763259888,26.604172706601958,18321.093935966488
2017-08-14,3217.359972000122,15294.06394100189,18511.423913002014
2017-08-15,12755.719882965088,5733.84397983551,18489.563862800598
2017-08-16,9508.119987487793,9071.624020576477,18579.74400806427
2017-08-17,8317.760084152222,10273.073935508728,18590.83401966095
2017-08-18,17541.080158233643,1051.7539720535278,18592.83413028717
2017-08-21,18147.69979095459,467.2239351272583,18614.923726081848
2017-08-22,3765.169940948487,15004.173771858215,18769.3437128067
2017-08-23,8970.650115966797,9800.223658561707,18770.873774528503
2017-08-24,13214.690092086792,5532.303551673889,18746.99364376068
2017-08-25,4370.069976806641,14449.40355014801,18819.47352695465
2017-08-28,7740.700008392334,11109.71349811554,18850.413506507874
2017-08-29,12432.269916534424,6399.143628120422,18831.413544654846
2017-08-30,13740.54006767273,5106.493615150452,18847.03368282318
2017-08-31,11109.969808578491,7778.5638246536255,18888.533633232117
2017-09-01,2593.149929046631,16439.533925056458,19032.68385410309
2017-09-05,8015.530082702637,11045.053818702698,19060.583901405334
2017-09-06,7754.039962768555,11310.633847236633,19064.673810005188
2017-09-07,9562.760013580322,9533.813866615295,19096.573880195618
2017-09-08,11171.680141448975,7891.773854255676,19063.45399570465
2017-09-11,10856.040180206299,8215.963681221008,19072.003861427307
2017-09-12,17947.489771842957,1173.4836521148682,19120.973423957825
2017-09-13,19009.750250816345,41.28363800048828,19051.033888816833
2017-09-14,18646.700220108032,422.2636413574219,19068.963861465454
2017-09-15,18935.750275611877,67.89363861083984,19003.643914222717
2017-09-18,18774.490203857422,63.97363471984863,18838.46383857727
2017-09-19,18817.14034461975,63.97363471984863,18881.1139793396
2017-09-20,18749.900373458862,35.283634185791016,18785.184007644653
2017-09-21,18682.800298690796,22.873634338378906,18705.673933029175
2017-09-22,15373.969656944275,3358.4334812164307,18732.403138160706
2017-09-25,13684.770072937012,5164.143054962156,18848.91312789917
2017-09-26,18107.270133972168,732.5229911804181,18839.793125152588
2017-09-27,13770.66018486023,5110.52319717407,18881.1833820343
2017-09-28,14543.539978027344,4366.883155822752,18910.423133850098
2017-09-29,11673.719930648804,7319.973266601561,18993.693197250366
2017-10-02,17135.739889144897,1804.3332824707013,18940.0731716156
2017-10-03,18410.160082817078,547.6432714462262,18957.803354263306
2017-10-04,18695.199781417847,277.90327262878236,18973.10305404663
2017-10-05,18758.229712486267,170.2332715988141,18928.462984085083
2017-10-06,8492.66003036499,10504.383099555967,18997.04312992096
2017-10-09,14246.910232543945,4776.01302051544,19022.923253059387
2017-10-10,7453.759788513184,11657.25312709808,19111.012915611263
2017-10-11,2323.75,16817.06320095062,19140.81320095062
2017-10-12,6054.180072784424,13088.063160896298,19142.24323368072
2017-10-13,3356.540069580078,15812.123135566708,19168.663205146786
2017-10-16,0.0,19170.56303119659,19170.56303119659
2017-10-17,11233.629898071289,7936.9331331253015,19170.56303119659
2017-10-18,17994.59008026123,1184.7031755447351,19179.293255805966
2017-10-19,12989.960124969482,6210.333031654354,19200.293156623837
2017-10-20,18150.910203933716,1014.0429601669275,19164.953164100643
2017-10-23,18635.550226211548,526.4229326248133,19161.97315883636
2017-10-24,19040.200244903564,64.07292652129763,19104.273171424862
2017-10-25,19028.070421218872,44.14292716979615,19072.21334838867
2017-10-26,18991.28981399536,19.78292655944459,19011.072740554806
2017-10-27,13480.049812316895,5592.92281913757,19072.972631454464
2017-10-30,10132.590251922607,8929.132326126095,19061.722578048702
2017-10-31,17364.959579467773,1685.2325763702356,19050.19215583801
2017-11-01,18167.260215759277,848.6725711822473,19015.932786941525
2017-11-02,13432.400520324707,5631.972509384152,19064.37302970886
2017-11-03,15275.010051727295,3677.872457504269,18952.882509231564
2017-11-06,4991.770168304443,14267.432409286495,19259.20257759094
2017-11-07,10123.120086669922,9137.972318649288,19261.09240531921
2017-11-08,11043.700054168701,8230.87246894836,19274.57252311706
2017-11-09,17183.889850616455,2009.8225955963098,19193.712446212765
2017-11-10,18963.920330047607,203.88257408141726,19167.802904129025
2017-11-13,19144.77998161316,72.61257553100222,19217.39255714416
2017-11-14,19059.530403137207,46.50257492065066,19106.032978057858
2017-11-15,18529.86001586914,505.25251770019213,19035.112533569332
2017-11-16,708.47998046875,18580.66253662109,19289.14251708984
2017-11-17,0.0,19307.062561035153,19307.062561035153
2017-11-20,0.0,19307.062561035153,19307.062561035153
2017-11-21,0.0,19307.062561035153,19307.062561035153
2017-11-22,0.0,19307.062561035153,19307.062561035153
2017-11-24,0.0,19307.062561035153,19307.062561035153
2017-11-27,9430.839813232422,9876.22274780273,19307.062561035153
2017-11-28,8998.480140686035,10426.942668914791,19425.422809600826
2017-11-29,17621.460021972656,1666.6427268981897,19288.102748870846
2017-11-30,19025.799564361572,125.10276031493777,19150.90232467651
2017-12-01,18362.430068969727,712.742828369137,19075.172897338864
2017-12-04,18573.220020294186,487.1228294372522,19060.342849731438
2017-12-05,18866.830278396603,155.4128322601282,19022.24311065673
2017-12-06,18755.459966659546,14.632833480831327,18770.092800140377
2017-12-07,18688.860036849976,70.24283409118289,18759.10287094116
2017-12-08,13423.03987121582,5524.562778472897,18947.602649688717
2017-12-11,11946.259989738464,6997.332867622372,18943.592857360836
2017-12-12,15514.580282211304,3468.092763900753,18982.673046112057
2017-12-13,3805.8600606918335,15287.012734413143,19092.872795104977
2017-12-14,12300.510036468506,6785.542694091794,19086.0527305603
2017-12-15,15178.730102539062,3916.502708435055,19095.232810974117
2017-12-18,8895.780003547668,10321.062705039974,19216.842708587643
2017-12-19,6368.609919548035,12859.28263378143,19227.892553329464
2017-12-20,15715.22978591919,3513.4727258682215,19228.70251178741
2017-12-21,18183.10980987549,1054.7227640151941,19237.832573890682
2017-12-22,17021.710403442383,2234.4226922988855,19256.13309574127
2017-12-26,13546.57024383545,5667.062401771542,19213.63264560699
2017-12-27,14322.28992843628,4910.592396736141,19232.88232517242
2017-12-28,10797.140258789062,8433.222432136532,19230.362690925595
2017-12-29,13880.459678649904,5345.912514686581,19226.372193336487
2018-01-02,11826.5,7430.712624549862,19257.212624549862
2018-01-03,14508.100242614746,4757.832581520077,19265.932824134823
2018-01-04,16261.14977645874,2988.3326044082605,19249.482380867
2018-01-05,17336.189819335938,1915.2926073074304,19251.482426643368
2018-01-08,8761.979795455933,10506.193121910095,19268.172917366028
2018-01-09,13818.540130615234,5366.183102607727,19184.72323322296
2018-01-10,18203.010326385498,898.1130228042603,19101.12334918976
2018-01-11,17109.619842529297,1990.3030138015747,19099.92285633087
2018-01-12,12660.999794006348,6478.993195533752,19139.9929895401
2018-01-16,11719.70979309082,7447.393326759338,19167.10311985016
2018-01-17,3930.000057220459,15310.393452644348,19240.393509864807
2018-01-18,9468.5599899292,9759.413464546204,19227.973454475403
2018-01-19,9354.000091552734,9899.633412361145,19253.63350391388
2018-01-22,5130.4799156188965,14141.51366519928,19271.993580818176
2018-01-23,5514.339874267578,13802.333672523499,19316.673546791077
2018-01-24,7792.54988861084,11510.963715553284,19303.513604164124
2018-01-25,9670.02006149292,9628.263672828674,19298.283734321594
2018-01-26,11305.019687652586,7992.5037088394165,19297.523396492004
2018-01-29,15183.03010559082,4077.2036714553833,19260.233777046204
2018-01-30,19052.060249328613,176.45364093780518,19228.51389026642
2018-01-31,18583.040197372437,705.0435781478882,19288.083775520325
2018-02-01,18829.379976272583,422.57358264923096,19251.953558921814
2018-02-02,19052.16976928711,29.353581428527832,19081.523350715637
2018-02-05,18822.969751358032,49.53412151336852,18872.5038728714
2018-02-06,19169.649911880493,49.53412151336852,19219.18403339386
2018-02-07,18814.41013431549,36.914121627809436,18851.3242559433
2018-02-08,18282.32013130188,36.914121627809436,18319.234252929688
2018-02-09,18404.389716148376,36.914121627809436,18441.303837776184
2018-02-12,10269.32024383545,8408.32402610779,18677.644269943237
2018-02-13,9965.300331115723,8743.323991775513,18708.624322891235
2018-02-14,5625.280025482178,13257.584005355835,18882.864030838013
2018-02-15,5446.690116882324,13482.693948745728,18929.38406562805
2018-02-16,5351.200115203857,13568.093954086304,18919.29406929016
2018-02-20,8060.419942855835,10832.783954620361,18893.203897476196
2018-02-21,14137.130249977112,4672.433842658997,18809.56409263611
2018-02-22,15908.849595069883,2995.2239027023315,18904.073497772217
2018-02-23,4954.510120391846,14174.344252586365,19128.85437297821
2018-02-26,3460.499954223633,15685.244228363037,19145.74418258667
2018-02-27,3142.2598876953125,15958.484218597412,19100.744106292725
2018-02-28,16911.60983657837,2116.9142837524414,19028.52412033081
2018-03-01,18851.479835510254,55.5543098449707,18907.034145355225
2018-03-02,18930.72978591919,55.5543098449707,18986.28409576416
2018-03-05,9382.390176773071,9728.664484024048,19111.05466079712
2018-03-06,4174.879833221436,14983.384424209595,19158.26425743103
2018-03-07,9546.550346374512,9580.324228286743,19126.874574661255
2018-03-08,15653.379691123962,3534.3542432785034,19187.733934402466
2018-03-09,7407.929925918579,12019.26418876648,19427.19411468506
2018-03-12,11996.92997932434,7429.884199142456,19426.814178466797
2018-03-13,3600.8201293945312,15836.74390220642,19437.564031600952
2018-03-14,14268.290227890015,5148.073722839356,19416.36395072937
2018-03-15,18918.11022377014,492.9137496948251,19411.023973464966
2018-03-16,19352.07002735138,58.163750648499445,19410.233777999878
2018-03-19,19131.70970058441,58.163750648499445,19189.87345123291
2018-03-20,19124.880157470703,153.96379947662467,19278.843956947327
2018-03-21,12872.36978340149,6611.184005737305,19483.553789138794
2018-03-22,18361.740074157715,737.1039810180664,19098.84405517578
2018-03-23,18709.06994819641,21.213973999023438,18730.283922195435
2018-03-26,14379.850114822386,4890.904024124146,19270.754138946533
2018-03-27,15945.329988479614,3099.7939777374277,19045.12396621704
2018-03-28,18343.229833602905,651.4539794921884,18994.683813095093
2018-03-29,6803.399974822998,12450.803880691532,19254.20385551453
2018-04-02,8281.299865722656,10983.644072532657,19264.943938255314
2018-04-03,6242.400032043457,13164.173941612247,19406.573973655704
2018-04-04,10642.780075073242,8779.353804588322,19422.133879661564
2018-04-05,12008.1103515625,7504.843764305118,19512.95411586762
2018-04-06,14664.679565429688,4684.273871421818,19348.953436851505
2018-04-09,17674.549808502197,1393.92389583588,19068.473704338077
2018-04-10,12548.36996459961,6898.733916282659,19447.10388088227
2018-04-11,3692.64013671875,15919.053740501411,19611.69387722016
2018-04-12,3191.159912109375,16450.913725852974,19642.07363796235
2018-04-13,8046.879852294922,11585.833800315864,19632.713652610786
2018-04-16,13116.35987663269,6555.563847541816,19671.923724174507
2018-04-17,15850.089925765991,3864.3838777542187,19714.47380352021
2018-04-18,11154.540092468262,8740.663783073433,19895.203875541694
2018-04-19,12319.370513916016,7520.643740653999,19840.014254570015
2018-04-20,19259.71950149536,396.4737844467236,19656.193285942085
2018-04-23,19552.889961242676,16.263781547553663,19569.15374279023
2018-04-24,18236.270288467407,1185.1038656234823,19421.37415409089
2018-04-25,19284.59960079193,141.04386901856287,19425.643469810493
2018-04-26,15339.649948120117,4231.41391944886,19571.063867568977
2018-04-27,14456.59991645813,5172.72365951539,19629.323575973518
2018-04-30,17760.929924964905,1752.6936616897674,19513.62358665467
2018-05-01,19075.170046806335,388.49371242524103,19463.663759231575
2018-05-02,17772.77022266388,1674.6135377884002,19447.383760452278
2018-05-03,19134.36999320984,367.25352573395685,19501.623518943794
2018-05-04,6938.439809799195,12687.783529281625,19626.22333908082
2018-05-07,12068.679891586304,7527.733575820932,19596.413467407234
2018-05-08,10773.910106658936,8899.993457794199,19673.903564453132
2018-05-09,11591.430404663088,8157.123336792001,19748.55374145509
2018-05-10,1631.0799865722656,18425.47340393067,20056.553390502937
2018-05-11,3691.710090637207,16374.523353576667,20066.233444213874
2018-05-14,3260.7599601745605,16824.283348083503,20085.043308258064
2018-05-15,9258.420295715332,10768.33317184449,20026.75346755982
2018-05-16,4872.700004577637,15240.73322677613,20113.433231353767
2018-05-17,10320.380012512207,9761.193225860603,20081.57323837281
2018-05-18,15333.220283508299,4686.753124237068,20019.97340774537
2018-05-21,1660.8000183105469,18524.67290496827,20185.472923278816
2018-05-22,7605.039749145507,12577.133098602302,20182.17284774781
2018-05-23,11325.240062713623,8825.093093872078,20150.3331565857
2018-05-24,16209.370370864868,3910.6030406951977,20119.973411560066
2018-05-25,19645.990180969235,388.05301666260493,20034.04319763184
2018-05-29,19702.190008163452,98.38301277161372,19800.573020935066
2018-05-30,19290.75008392334,724.7829952240063,20015.533079147346
2018-05-31,18208.440299987793,1683.0929851532055,19891.533285141
2018-06-01,12856.599910736084,7144.733282089239,20001.333192825325
2018-06-04,13266.19987487793,6739.683408737188,20005.88328361512
2018-06-05,14380.780242919924,5697.15338325501,20077.933626174934
2018-06-06,13265.279846191406,6790.383493423467,20055.663339614875
2018-06-07,0.0,20247.18387794495,20247.18387794495
2018-06-08,7278.179916381836,12969.003961563114,20247.18387794495
2018-06-11,7291.399890899658,12969.003961563114,20260.403852462772
2018-06-12,11890.80009651184,8322.603923797611,20213.404020309452
2018-06-13,18547.240447998047,1604.0338668823279,20151.274314880375
2018-06-14,19883.890029907227,143.45385742187864,20027.343887329105
2018-06-15,19873.64999580383,55.31385803223023,19928.96385383606
2018-06-18,19705.940340042114,55.31385803223023,19761.254198074344
2018-06-19,19316.039600372314,55.31385803223023,19371.353458404545
2018-06-20,18981.62014389038,509.3138580322302,19490.93400192261
2018-06-21,19048.289516448975,122.6938629150427,19170.983379364017
2018-06-22,19138.869876861572,179.0638637542761,19317.93374061585
2018-06-25,19000.089763641357,75.83386421203977,19075.923627853397
2018-06-26,19053.18956375122,51.45386505127317,19104.643428802494
2018-06-27,18771.319297790527,51.45386505127317,18822.7731628418
2018-06-28,18904.800300598145,51.45386505127317,18956.254165649418
2018-06-29,12908.919624328613,6185.083847045902,19094.003471374515
2018-07-02,14821.690418243408,4105.5537948608435,18927.24421310425
2018-07-03,16604.209785461426,2325.583801269535,18929.79358673096
2018-07-05,16668.080137252808,2267.9138393402136,18935.99397659302
2018-07-06,9029.650005340576,10076.403974533085,19106.05397987366
2018-07-09,8087.110000610352,11205.90413475037,19293.01413536072
2018-07-10,8675.560035705566,10606.03412818909,19281.594163894657
2018-07-11,14801.599697113037,4333.274248123173,19134.87394523621
2018-07-12,10116.910049438477,9234.104238510135,19351.014287948612
2018-07-13,12358.050003051758,7012.6142635345495,19370.664266586307
2018-07-16,14790.37995147705,4455.5442523956335,19245.924203872684
2018-07-17,15094.759887695312,4175.344179153446,19270.10406684876
2018-07-18,17068.340072631836,2245.824190139774,19314.16426277161
2018-07-19,11162.370079040527,8092.18419837952,19254.554277420048
2018-07-20,12474.910049438477,6926.954072952274,19401.86412239075
2018-07-23,16971.83984375,2394.314149856571,19366.15399360657
2018-07-24,8968.900047302246,10566.284299850468,19535.184347152714
2018-07-25,6657.820110321045,12989.374151229862,19647.194261550907
2018-07-26,9567.679866790771,10016.76424789429,19584.444114685062
2018-07-27,10776.950012207031,8813.234169006351,19590.184181213383
2018-07-30,17785.049737930298,1802.4542465209997,19587.503984451298
2018-07-31,5923.179908752442,13741.25446891785,19664.43437767029
2018-08-01,12602.030214309692,6968.384326934818,19570.41454124451
2018-08-02,14208.099960327148,5271.404335021976,19479.504295349125
2018-08-03,16949.139541625977,2530.6244506835974,19479.763992309574
2018-08-06,17881.50973892212,1606.0544586181677,19487.564197540287
2018-08-07,2160.6200065612793,17644.674552917484,19805.294559478763
2018-08-08,9119.419883728027,10678.954599380497,19798.374483108524
2018-08-09,9799.240297317505,10057.55459594727,19856.794893264774
2018-08-10,16678.940097808838,3109.834594726566,19788.774692535404
2018-08-13,19237.089893341064,412.45461273193723,19649.544506073
2018-08-14,16348.920167922972,3385.1446933746374,19734.064861297607
2018-08-15,18639.58017539978,692.6446952819861,19332.224870681766
2018-08-16,16115.2300491333,3364.7447357177766,19479.974784851078
2018-08-17,16356.739963531494,3206.2247657775915,19562.964729309086
2018-08-20,6601.55978012085,13024.924575805668,19626.484355926517
2018-08-21,9149.460021972656,10550.194572448734,19699.65459442139
2018-08-22,10552.379884719849,9196.714643478397,19749.094528198246
2018-08-23,15422.28980064392,4240.564771652225,19662.854572296146
2018-08-24,12777.460247039795,6998.834676742557,19776.294923782352
2018-08-27,11314.289855957031,8579.204616546634,19893.494472503666
2018-08-28,12677.049852371216,7219.144554138187,19896.194406509403
2018-08-29,15277.499904632568,4688.184606552128,19965.684511184696
2018-08-30,15000.61005783081,4949.074542999271,19949.68460083008
2018-08-31,19101.219984054565,841.4345512390173,19942.654535293583
2018-09-04,18643.8699798584,1254.0744609832796,19897.94444084168
2018-09-05,17651.510314941406,2106.264328002933,19757.77464294434
2018-09-06,18001.31991958618,1671.5943183898967,19672.914237976078
2018-09-07,18094.08038520813,1468.1343479156533,19562.214733123783
2018-09-10,19252.679956436157,216.79433822632222,19469.47429466248
2018-09-11,13701.14978981018,5822.724254608158,19523.87404441834
2018-09-12,17375.759841918945,2254.184396743778,19629.944238662723
2018-09-13,13952.980260848999,5842.164377212528,19795.144638061527
2018-09-14,5786.459987640381,14087.3243637085,19873.78435134888
2018-09-17,8323.919998168947,11538.324378967289,19862.244377136238
2018-09-18,7375.350177764893,12563.934406280521,19939.284584045414
2018-09-19,7469.199991226196,12547.784416198734,20016.98440742493
2018-09-20,11888.969970703125,8154.4644546508825,20043.434425354008
2018-09-21,10865.270038604736,9220.474369049076,20085.744407653812
2018-09-24,16329.750099182129,3623.1743278503454,19952.924427032474
2018-09-25,19199.80972480774,749.3643321991003,19949.17405700684
2018-09-26,17181.120086669922,2637.7344951629675,19818.85458183289
2018-09-27,18608.330053329468,1205.1645393371618,19813.49459266663
2018-09-28,15287.04995727539,4573.274244308475,19860.324201583866
2018-10-01,15746.47992134094,4219.234281539921,19965.71420288086
2018-10-02,14694.770008087155,5234.534145355228,19929.304153442383
2018-10-03,13300.860168457031,6668.384250640872,19969.244419097904
2018-10-04,18498.470251083374,1300.034189224246,19798.50444030762
2018-10-05,19506.340087890625,262.7841854095486,19769.124273300175
2018-10-08,19253.350090026855,506.29405593872355,19759.64414596558
2018-10-09,19229.87997817993,468.25405120849894,19698.13402938843
2018-10-10,19213.019952774048,114.67405128479288,19327.69400405884
2018-10-11,18746.71049118042,385.72387123108183,19132.434362411503
2018-10-12,18553.490367889404,784.7438411712674,19338.234209060673
2018-10-15,19126.840087890625,177.75382232666283,19304.59391021729
2018-10-16,12292.400016784668,7350.983768463138,19643.383785247806
2018-10-17,12085.02001953125,7531.113792419437,19616.133811950687
2018-10-18,18577.479640960693,829.3438949584997,19406.823535919193
2018-10-19,17965.280096054077,1503.5738124847448,19468.853908538822
2018-10-22,18793.860107421875,704.7438430786169,19498.603950500492
2018-10-23,19164.900146484375,126.04384231567747,19290.943988800052
2018-10-24,18628.799924850464,40.503843307498755,18669.303768157963
2018-10-25,18949.44972038269,40.503843307498755,18989.95356369019
2018-10-26,18597.149864196777,158.77385330200565,18755.923717498783
2018-10-29,18539.499782562256,58.12385177612674,18597.623634338383
2018-10-30,12016.879959106445,6906.37377738953,18923.253736495975
2018-10-31,12817.499994277954,6247.163932800297,19064.66392707825
2018-11-01,14458.270029067993,4735.603927612308,19193.8739566803
2018-11-02,15493.110298156738,3677.3038730621374,19170.414171218876
2018-11-05,16273.280103683472,2913.4338531494177,19186.71395683289
2018-11-06,15941.770305633545,3256.263856887821,19198.034162521366
2018-11-07,16601.73034477234,2648.403863906864,19250.134208679203
2018-11-08,17596.550298690796,1519.2238769531286,19115.774175643925
2018-11-09,17971.149715423584,1078.1937694549597,19049.343484878544
2018-11-12,18665.459716796875,148.16377449036008,18813.623491287235
2018-11-13,18233.249864578247,295.05369186401776,18528.303556442264
2018-11-14,18410.9698677063,297.41361427307584,18708.383481979374
2018-11-15,15857.939683914185,3054.473613739019,18912.413297653206
2018-11-16,11817.08021736145,7193.393375396736,19010.473592758186
2018-11-19,16156.590099334717,2721.183465957649,18877.773565292366
2018-11-20,18300.730016708374,213.14344406128657,18513.87346076966
2018-11-21,18690.079998016357,46.573444366462354,18736.65344238282
2018-11-23,18394.360286712646,173.84350013733638,18568.203786849983
2018-11-26,11003.469814300537,7741.903562545784,18745.37337684632
2018-11-27,14181.909833908081,4643.713632583625,18825.623466491706
2018-11-28,13337.449979782104,5619.593618392952,18957.043598175056
2018-11-29,12304.61996459961,6715.203582763679,19019.82354736329
2018-11-30,12305.139820098877,6754.603588104255,19059.743408203132
2018-12-03,12471.270011901855,6826.6536254882885,19297.923637390144
2018-12-04,17634.470043182373,1292.1936225891186,18926.66366577149
2018-12-06,18645.499961853027,162.85364151001704,18808.353603363044
2018-12-07,18331.06029510498,171.383598327644,18502.443893432624
2018-12-10,18322.440013885498,49.96359634400142,18372.4036102295
2018-12-11,18313.930068969727,49.96359634400142,18363.893665313728
2018-12-12,13201.82006072998,5350.163492202766,18551.983552932747
2018-12-13,16467.55995941162,2029.773439407356,18497.333398818977
2018-12-14,17724.620113372803,513.2434921264721,18237.863605499275
2018-12-17,17803.249835968018,76.27349472046626,17879.523330688484
2018-12-18,17925.87010574341,46.00349426270259,17971.87360000611
2018-12-19,17635.369901657104,46.00349426270259,17681.373395919807
2018-12-20,17225.11980819702,291.2835407257155,17516.403348922737
2018-12-21,17065.509996414185,76.85354232788836,17142.363538742073
2018-12-24,16718.289793014526,47.38354301453387,16765.67333602906
2018-12-26,8407.199981689453,9061.383386611946,17468.5833683014
2018-12-27,10290.0599899292,7273.953413009651,17564.01340293885
2018-12-28,11690.649980545044,5869.24343872071,17559.893419265754
2018-12-31,11660.49997329712,5800.5634803772045,17461.063453674324
2019-01-02,13349.909734725952,4135.223560333259,17485.13329505921
2019-01-03,16490.68992996216,757.3335800170971,17248.023509979255
2019-01-04,11244.340070724487,6574.7336521148745,17819.073722839363
2019-01-07,13202.969802856445,4497.9936828613345,17700.96348571778
2019-01-08,12448.299970626831,5408.973672866829,17857.27364349366
2019-01-09,11058.62995147705,6908.1635990142895,17966.79355049134
2019-01-10,11134.780017852783,6882.633615493782,18017.413633346565
2019-01-11,11295.96000289917,6846.093626022346,18142.053628921516
2019-01-14,14437.529796600342,3841.343721389778,18278.87351799012
2019-01-15,12928.759883880615,5460.803770065315,18389.56365394593
2019-01-16,14185.560102462769,4292.493738174446,18478.053840637214
2019-01-17,7963.909866333008,10695.883651733406,18659.793518066414
2019-01-18,12819.47006225586,5949.793590545662,18769.26365280152
2019-01-22,14206.3099193573,4487.083684921272,18693.39360427857
2019-01-23,16485.929895401,2216.643712997444,18702.573608398445
2019-01-24,16418.3897857666,2391.2137737274243,18809.603559494026
2019-01-25,11767.459857940674,7287.483737945564,19054.943595886238
2019-01-28,11096.870246887207,7893.843725204475,18990.713972091682
2019-01-29,13669.80005645752,5340.523717880256,19010.323774337776
2019-01-30,9798.01993560791,9391.603528976448,19189.623464584358
2019-01-31,11570.419755935669,7628.583583831794,19199.003339767463
2019-02-01,12693.809711456299,6508.11363983155,19201.92335128785
2019-02-04,14791.309782028198,4456.723680496223,19248.03346252442
2019-02-05,12360.640013694763,6959.073836326606,19319.71385002137
2019-02-06,16175.000120162962,3098.673718452461,19273.673838615425
2019-02-07,18614.85005760193,603.7837114334179,19218.633769035347
2019-02-08,17852.159866333008,1398.1437749862744,19250.303641319282
2019-02-11,17939.400156974792,1290.603828430183,19230.003985404976
2019-02-12,11144.979772567749,8350.993913650518,19495.97368621827
2019-02-13,12382.020023345947,7107.00392723084,19489.02395057679
2019-02-14,14371.859830856323,5107.44402313233,19479.303853988655
2019-02-15,11224.610126495361,8417.573825836189,19642.18395233155
2019-02-19,9226.340085983276,10487.833818435676,19714.173904418953
2019-02-20,8817.619815826416,10966.543817520149,19784.163633346565
2019-02-21,13445.489952087402,6301.563982009895,19747.053934097297
2019-02-22,10118.279960632324,9698.673906326301,19816.953866958625
2019-02-25,8613.93994140625,11242.283838272102,19856.223779678352
2019-02-26,12098.600067138672,7731.073886871345,19829.673954010017
2019-02-27,15736.50001335144,4088.4939937591625,19824.994007110603
2019-02-28,19682.30984020233,54.324041366584424,19736.633881568916
2019-03-01,18262.6899394989,1418.534177780159,19681.22411727906
2019-03-04,18129.32981300354,1568.5941314697343,19697.923944473274
2019-03-05,18774.76012611389,943.0641574859701,19717.82428359986
2019-03-06,17461.170139312744,2212.1141223907553,19673.2842617035
2019-03-07,19555.740028381348,58.754138946541616,19614.494167327888
2019-03-08,18747.12982749939,1003.483867645271,19750.61369514466
2019-03-11,5913.159892082214,14079.913915634163,19993.073807716377
2019-03-12,7843.979892730713,12173.523981094368,20017.50387382508
2019-03-13,7472.8300704956055,12579.803987503059,20052.634057998665
2019-03-14,10354.229969024658,9643.643959045417,19997.873928070076
2019-03-15,13247.92007446289,6785.423862457283,20033.343936920173
2019-03-18,10911.809833526611,9182.854058265693,20094.663891792305
2019-03-19,15163.629846572876,4888.254082679755,20051.88392925263
2019-03-20,17891.989871025085,2136.944160461433,20028.93403148652
2019-03-21,7890.659921646119,12356.804256439216,20247.464178085334
2019-03-22,19083.770259857178,929.8940858841015,20013.66434574128
2019-03-25,19780.59956741333,292.0241060257031,20072.623673439033
2019-03-26,20047.47004032135,200.0740985870434,20247.544138908394
2019-03-27,19448.71990299225,509.5039777755801,19958.22388076783
2019-03-28,11678.339909553528,8521.314019203193,20199.65392875672
2019-03-29,13492.560147285461,6761.723931312568,20254.28407859803
2019-04-01,17122.44979286194,3147.25399303437,20269.70378589631
2019-04-02,18686.2901763916,1616.2139997482373,20302.50417613984
2019-04-03,17377.38003063202,2921.693977355964,20299.074007987983
2019-04-04,14401.010055541992,5933.163973808296,20334.174029350288
2019-04-05,9791.180046081543,10544.913886070259,20336.0939321518
2019-04-08,7485.049984931946,12903.503982543953,20388.5539674759
2019-04-09,16991.969878196716,3350.433963775642,20342.40384197236
2019-04-10,19045.00005054474,1313.7739410400463,20358.773991584785
2019-04-11,14150.669994354248,6205.1538181305,20355.82381248475
2019-04-12,11969.86992263794,8544.163869857795,20514.033792495735
2019-04-15,17070.770035743713,3403.153790473945,20473.92382621766
2019-04-16,19886.089904785156,599.403815269477,20485.493720054634
2019-04-17,18991.83038330078,1446.8338441848828,20438.664227485664
2019-04-18,16017.890093803406,4460.5739269256665,20478.464020729072
2019-04-22,19620.410041809082,828.5939283371044,20449.003970146186
2019-04-23,14769.790054321289,5760.673768043525,20530.463822364814
2019-04-24,15125.020022392273,5367.003803253181,20492.023825645454
2019-04-25,18749.27992630005,1712.3238525390695,20461.60377883912
2019-04-26,17901.729944229126,2647.6239433288647,20549.35388755799
2019-04-29,14754.619661331177,5852.4039840698315,20607.02364540101
2019-04-30,13552.6801071167,7101.544017791755,20654.224124908455
2019-05-01,17248.85008621216,3292.77406120301,20541.62414741517
2019-05-02,17994.299942970276,2500.8241710662915,20495.124114036567
2019-05-03,10206.929924964905,10469.154203414924,20676.08412837983
2019-05-06,9272.519714355469,11473.89424896241,20746.41396331788
2019-05-07,19715.99983215332,944.6744003295971,20660.674232482917
2019-05-08,20488.750151634216,158.3444204330517,20647.094572067268
2019-05-09,20469.149898529053,51.90441989899412,20521.054318428047
2019-05-10,19442.220016479492,1197.914429664619,20640.13444614411
2019-05-13,19767.760120391846,372.3744249343945,20140.13454532624
2019-05-14,19932.019842147827,406.4944095611643,20338.51425170899
2019-05-15,17224.110219955444,3158.444534301765,20382.55475425721
2019-05-16,11446.790031433105,8988.414373397834,20435.20440483094
2019-05-17,18542.90039539337,1733.3741712570263,20276.274566650398
2019-05-20,19914.01998615265,363.5441446304394,20277.56413078309
2019-05-21,15576.319993019104,4993.924128532417,20570.24412155152
2019-05-22,18685.25988483429,1839.0141687393261,20524.274053573616
2019-05-23,18614.04991722107,1826.5741310119702,20440.62404823304
2019-05-24,18849.370275497437,1595.244085311897,20444.614360809333
2019-05-28,20161.370176315308,281.5940694809033,20442.96424579621
2019-05-29,19097.15972137451,1382.0139265060498,20479.17364788056
2019-05-30,18506.020042419434,2022.993988990791,20529.014031410225
2019-05-31,19999.119924545288,293.5839891433788,20292.703913688667
2019-06-03,19895.01003551483,271.83399486542476,20166.844030380256
2019-06-04,3797.340021133423,16797.93393898011,20595.273960113533
2019-06-05,9897.830138206482,10692.433880805977,20590.26401901246
2019-06-06,12826.720310211182,7773.903788566597,20600.62409877778
2019-06-07,7034.6601305007935,13677.343807220466,20712.00393772126
2019-06-10,10742.429980278015,9949.96383666993,20692.393816947944
2019-06-11,17693.920247077942,3069.5238685607983,20763.44411563874
2019-06-12,12089.530097961426,8671.203886032112,20760.733983993538
2019-06-13,8769.68017578125,12079.603833198555,20849.284008979805
2019-06-14,16186.830326080322,4583.563656806953,20770.393982887275
2019-06-17,19168.950031280518,1466.623600959785,20635.573632240303
2019-06-18,11394.180004119873,9650.073259353645,21044.253263473518
2019-06-19,8847.149980545044,12275.633445739753,21122.783426284797
2019-06-20,0.0,21267.253382682808,21267.253382682808
2019-06-21,0.0,21267.253382682808,21267.253382682808
2019-06-24,7680.190277099609,13587.063105583198,21267.253382682808
2019-06-25,19939.859523773193,1232.0033826828076,21171.862906456
2019-06-26,20743.780241012573,302.9133615493847,21046.693602561958
2019-06-27,13017.099979400635,8237.62352466584,21254.723504066475
2019-06-28,10719.859748840332,10546.743550300605,21266.603299140937
2019-07-01,7946.959922790527,13298.623654365547,21245.583577156074
2019-07-02,0.0,21386.38368797303,21386.38368797303
2019-07-03,4265.25,17121.13368797303,21386.38368797303
2019-07-05,14789.200531005861,6565.723360061653,21354.923891067512
2019-07-08,20946.409957885742,383.5434360504223,21329.953393936165
2019-07-09,21178.58979034424,105.78343391419185,21284.37322425843
2019-07-10,9229.849941253662,12270.763460159309,21500.61340141297
2019-07-11,15288.590049743652,6212.2534427642895,21500.843492507942
2019-07-12,11904.760162353517,9637.173498153694,21541.93366050721
2019-07-15,8840.549880981445,12731.623815536506,21572.17369651795
2019-07-16,17684.210273742676,3861.83363151551,21546.043905258186
2019-07-17,21011.75030708313,550.4436073303295,21562.19391441346
2019-07-18,17544.810258865356,4184.013202667244,21728.8234615326
2019-07-19,18793.179845809937,2781.1432151794506,21574.323060989387
2019-07-22,16233.159996032715,5353.503223419197,21586.66321945191
2019-07-23,5755.079986572266,15974.373317718513,21729.45330429078
2019-07-24,10119.28010559082,11634.373271942146,21753.653377532966
2019-07-25,5777.200172424316,16011.492946624763,21788.69311904908
2019-07-26,12088.91007232666,9712.75275802613,21801.66283035279
2019-07-29,18120.939895629883,3662.4928627014233,21783.432758331306
2019-07-30,18402.180030822754,3288.1729011535717,21690.352931976326
2019-07-31,21048.609745025635,392.942924499519,21441.552669525154
2019-08-01,20933.0500831604,148.75292968750728,21081.803012847908
2019-08-02,20866.110069274902,68.93293094635737,20935.04300022126
2019-08-05,20061.530038833618,61.362931251533155,20122.89297008515
2019-08-06,20334.660287857056,53.54293060303462,20388.20321846009
2019-08-07,15955.560165405273,4551.982854843147,20507.54302024842
2019-08-08,7925.379909515381,12784.572845458992,20709.952754974373
2019-08-09,12008.769664764404,8613.952899932869,20622.722564697273
2019-08-12,17915.97988128662,2505.362930297859,20421.34281158448
2019-08-13,12574.879961013794,8055.962808609016,20630.84276962281
2019-08-14,16935.73976135254,3304.692794799812,20240.43255615235
2019-08-15,17468.539726257324,2996.183088302616,20464.72281455994
2019-08-16,11242.069997787476,9417.003141403202,20659.073139190677
2019-08-19,18353.840244293213,2233.973127365116,20587.81337165833
2019-08-20,14547.990039825441,6106.893016815189,20654.883056640632
2019-08-21,6382.599998474121,14480.223211288454,20862.823209762573
2019-08-22,16528.78972053528,4275.29340362549,20804.083124160767
2019-08-23,14966.029695510864,5711.323427200319,20677.35312271118
2019-08-26,18373.689811706543,2334.393461227419,20708.08327293396
2019-08-27,19779.420377731323,952.653438568117,20732.07381629944
2019-08-28,14254.77014541626,6517.303071975708,20772.073217391968
2019-08-29,5810.109991073608,15147.872987747192,20957.9829788208
2019-08-30,13834.189949035645,7152.273031234741,20986.462980270386
2019-09-03,12040.810049057003,8923.112936019897,20963.9229850769
2019-09-04,9589.329986572266,11708.692792892456,21298.02277946472
2019-09-05,11099.38998413086,10262.752687454224,21362.142671585083
2019-09-06,15090.430128097534,6340.01268196106,21430.442810058594
2019-09-09,18691.830001831055,2724.802709579468,21416.632711410522
2019-09-10,20768.189913749695,569.2527294158936,21337.44264316559
2019-09-11,21052.300152778625,372.2027225494385,21424.502875328064
2019-09-12,11970.329895019531,9461.583042144775,21431.912937164307
2019-09-13,18245.350162506104,3109.6830291748047,21355.03319168091
2019-09-16,20532.79983139038,874.6031074523926,21407.402938842773
2019-09-17,17310.050121307373,4132.513046264648,21442.56316757202
2019-09-18,16837.619888305664,4607.00301361084,21444.622901916504
2019-09-19,19452.359741210938,1891.213098526001,21343.57283973694
2019-09-20,19940.139978408813,1375.533115386963,21315.673093795776
2019-09-23,21125.909872055054,108.61313438415527,21234.52300643921
2019-09-24,21024.949684143066,44.42313575744629,21069.372819900513
2019-09-25,20021.16994857788,1117.8730907440186,21139.0430393219
2019-09-26,17522.369955062866,3572.723066329956,21095.093021392822
2019-09-27,19776.159912109375,1202.7730312347412,20978.932943344116
2019-09-30,18363.62003517151,2662.8829803466797,21026.50301551819
2019-10-01,20690.49999809265,142.01294898986816,20832.51294708252
2019-10-02,19381.47015953064,1452.8528270721436,20834.322986602783
2019-10-03,20469.630180358887,509.8028526306157,20979.433032989502
2019-10-04,10420.589944839478,10776.082937240602,21196.672882080078
2019-10-07,14875.070042610168,6282.222905158998,21157.292947769165
2019-10-08,18800.880151748657,2246.922770500185,21047.80292224884
2019-10-09,20108.74002456665,1056.1128091812152,21164.852833747864
2019-10-10,16636.600063323975,4649.072808265688,21285.67287158966
2019-10-11,14853.600100517273,6633.932947158815,21487.533047676086
2019-10-14,16975.91997718811,4536.672956466677,21512.592933654785
2019-10-15,17426.41026878357,4088.1728477478046,21514.583116531372
2019-10-16,15676.099962234497,5878.822977066042,21554.922939300537
2019-10-17,14325.120002746582,7265.242919921877,21590.362922668457
2019-10-18,10378.189838409424,11221.593139648438,21599.78297805786
2019-10-21,9112.899885177612,12564.95302772522,21677.852912902832
2019-10-22,5698.739833831788,16037.513204574585,21736.253038406372
2019-10-23,9463.090171813965,12295.323225021362,21758.413396835327
2019-10-24,5082.689935684204,16710.543212890625,21793.23314857483
2019-10-25,6516.1799240112305,15305.733228683472,21821.913152694702
2019-10-28,14020.709922790527,7879.883222579956,21900.593145370483
2019-10-29,20842.929675102234,1052.6833333969116,21895.613008499146
2019-10-30,12448.940208435059,9514.853346824646,21963.793555259705
2019-10-31,18017.009729385376,3977.3134870529175,21994.323216438293
2019-11-01,9314.059955596924,12843.543475151062,22157.603430747986
2019-11-04,13729.689979553223,8451.89351940155,22181.583498954773
2019-11-05,21115.950435638428,1038.213339805603,22154.16377544403
2019-11-06,21594.74030303955,602.8933477401733,22197.633650779724
2019-11-07,21650.350339889526,445.2433595657348,22095.59369945526
2019-11-08,22056.15970802307,16.083365440368596,22072.24307346344
2019-11-11,21874.970266342163,198.44336605072016,22073.413632392883
2019-11-12,21463.019596099854,622.7533102035522,22085.772906303406
2019-11-13,11816.240051269531,10304.643284797668,22120.8833360672
2019-11-14,18105.8900680542,3944.0732622146606,22049.96333026886
2019-11-15,10441.339973449707,11781.753457069397,22223.093430519104
2019-11-18,16134.60038948059,6039.053347587585,22173.653737068176
2019-11-19,12959.629848480225,9248.983208656313,22208.613057136536
2019-11-20,18745.419595718384,3532.4732675552386,22277.89286327362
2019-11-21,19403.829959869385,3000.7236261367816,22404.553586006165
2019-11-22,18000.990154266357,4642.16343021393,22643.153584480286
2019-11-25,12036.410071372986,10763.52339744568,22799.933468818665
2019-11-26,14498.780122756958,8334.913402557375,22833.69352531433
2019-11-27,19164.68989753723,3604.1734447479266,22768.863342285156
2019-11-29,16428.95013809204,6072.383287429811,22501.33342552185
2019-12-02,21183.95978164673,1354.6431980133075,22538.602979660034
2019-12-03,22451.489795684814,286.3234786987323,22737.813274383545
2019-12-04,18654.20992088318,4220.123460769655,22874.333381652832
2019-12-05,13428.020038604736,9476.353397369387,22904.37343597412
2019-12-06,15996.930042266846,6992.083524703981,22989.013566970825
2019-12-09,19264.039876937866,3671.4835872650165,22935.52346420288
2019-12-10,21111.82026863098,1823.6135692596454,22935.433837890625
2019-12-11,11949.609775543213,11028.903652191162,22978.513427734375
2019-12-12,8399.23009109497,14953.6635055542,23352.89359664917
2019-12-13,12259.369884490967,11077.893558502197,23337.263442993164
2019-12-16,15870.900190353394,7492.093524932861,23362.993715286255
2019-12-17,17155.499572753906,6087.163631439209,23242.663204193115
2019-12-18,14147.04006767273,9229.663599014282,23376.70366668701
2019-12-19,21972.16005706787,1389.5836944580078,23361.74375152588
2019-12-20,18263.000144958496,5171.453544616699,23434.453689575195
2019-12-23,19914.149839401245,3532.0737266540527,23446.223566055298
2019-12-24,20973.119762420654,2463.993679046631,23437.113441467285
2019-12-26,11240.529781341553,12292.283681869507,23532.81346321106
2019-12-27,14778.760305404663,8724.623649597168,23503.38395500183
2019-12-30,17288.829809188843,6035.333734512329,23324.163543701172
2019-12-31,22191.870609283447,1152.8036060333252,23344.674215316772
2020-01-02,9727.229598999023,13656.50387763977,23383.733476638794
2020-01-03,14643.209495544434,8692.094026565552,23335.303522109985
2020-01-06,18105.07011795044,5393.784090042114,23498.854207992554
2020-01-07,17741.900018692017,5767.854738235477,23509.754756927494
2020-01-08,21387.899520874023,2162.5048484802282,23550.40436935425
2020-01-09,12462.329887390137,11114.084680557255,23576.41456794739
2020-01-10,18476.649974822998,5063.624650955204,23540.274625778202
2020-01-13,20315.429412841797,3208.144767761234,23523.57418060303
2020-01-14,21235.600032806396,2309.424625396732,23545.02465820313
2020-01-15,20086.359767913815,3307.944478988651,23394.304246902466
2020-01-16,15765.570035934448,7728.584447860721,23494.15448379517
2020-01-17,7463.819973945618,16099.864166259771,23563.68414020539
2020-01-21,15076.479790687561,8239.594297409063,23316.074088096626
2020-01-22,20432.38980102539,2781.1643466949517,23213.554147720344
2020-01-23,22034.919492721558,1068.544420242315,23103.463912963874
2020-01-24,22563.980096817013,170.0744190216119,22734.054515838623
2020-01-27,22412.85031604767,69.31441593170712,22482.164731979377
2020-01-28,15713.949905395508,7075.134161949163,22789.084067344673
2020-01-29,20933.179670333862,1786.1242017746026,22719.303872108467
2020-01-30,21763.25970363617,833.8242340087945,22597.083937644966
2020-01-31,22092.720247268677,72.46422100067684,22165.184468269355
2020-02-03,18353.08016872406,3706.334230422979,22059.41439914704
2020-02-04,14283.939611434937,7958.994356155401,22242.93396759034
2020-02-05,21488.01986694336,956.0843238830621,22444.104190826423
2020-02-06,14958.170142173767,7536.03406810761,22494.20421028138
2020-02-07,13695.34989643097,8817.674174308784,22513.024070739753
2020-02-10,18915.110290527344,3367.7940931320263,22282.90438365937
2020-02-11,15996.08982372284,6531.864142417915,22527.953966140754
2020-02-12,7517.639953613281,15413.494431495674,22931.134385108955
2020-02-13,14068.009963989258,8861.804345130928,22929.814309120185
2020-02-14,15482.860019683838,7465.194243431099,22948.054263114936
2020-02-18,19984.850492477417,2926.1240339279248,22910.97452640534
2020-02-19,18684.249777793884,4262.474074363716,22946.7238521576
2020-02-20,21661.680263519287,1169.0740423202587,22830.754305839546
2020-02-21,22435.140221595764,234.95404911041987,22670.094270706184
2020-02-24,21869.290079116825,24.10405158997309,21893.394130706798
2020-02-25,21608.200128555298,24.10405158997309,21632.30418014527
2020-02-26,21651.90005493164,24.10405158997309,21676.004106521614
2020-02-27,20906.94009590149,24.10405158997309,20931.044147491462
2020-02-28,20766.479921340942,51.66405105591548,20818.143972396858
2020-03-02,19603.750339508057,1632.8340053558427,21236.5843448639
2020-03-03,19623.69969558716,1396.9140186309892,21020.613714218147
2020-03-04,7824.619853019714,13713.474279403694,21538.094132423408
2020-03-05,15612.12963104248,5628.044433593757,21240.174064636238
2020-03-06,19752.99956512451,1250.4344863891674,21003.43405151368
2020-03-09,17097.259548187256,3215.85466957093,20313.114217758186
2020-03-10,20599.390167236328,410.8146629333569,21010.204830169685
2020-03-11,19927.480040550232,163.54466342926753,20091.0247039795
2020-03-12,18129.64998435974,54.65466499329341,18184.304649353035
2020-03-13,19187.249917030334,54.854664802558545,19242.104581832893
2020-03-16,17420.56012916565,48.01467037201655,17468.574799537666
2020-03-17,18229.399800300598,34.64467048645747,18264.044470787056
2020-03-18,17352.14019203186,21.904670715339307,17374.0448627472
2020-03-19,16289.319995880127,1142.4846982956005,17431.804694175727
2020-03-20,16365.319902420044,721.5746870040966,17086.89458942414
2020-03-23,15849.720155715942,1016.1047010421826,16865.824856758125
2020-03-24,8194.370085716248,10062.664498329168,18257.034584045417
2020-03-25,12203.720059394836,6249.234509468084,18452.954568862922
2020-03-26,13169.679853439331,5570.284486770635,18739.96434020997
2020-03-27,13717.43012046814,4777.304454803472,18494.734575271614
2020-03-30,13495.489864349365,5249.724529266363,18745.21439361573
2020-03-31,15737.380051612854,2861.4344854354913,18598.814537048347
2020-04-01,17866.459997177124,268.6544694900567,18135.114466667183
2020-04-02,15961.350006103516,2234.214591026311,18195.564597129825
2020-04-03,14883.4499168396,3584.53477096558,18467.98468780518
2020-04-06,10838.120138168335,8298.784711837772,19136.904850006107
2020-04-07,12536.769963264465,6699.84470367432,19236.614666938785
2020-04-08,12611.250164031982,6758.774706840519,19370.0248708725
2020-04-09,12876.599992752075,6622.324727058414,19498.92471981049
2020-04-13,14403.829877853394,5051.914788246158,19455.744666099552
2020-04-14,12021.520057678223,7407.1148481369055,19428.634905815128
2020-04-15,14475.740054130554,4679.734825134281,19155.474879264835
2020-04-16,10252.57999420166,9315.155059814457,19567.735054016117
2020-04-17,9142.110046386719,10767.22501087189,19909.33505725861
2020-04-20,13737.179946899414,6206.765076637272,19943.945023536686
2020-04-21,16502.43989944458,3188.305088996891,19690.74498844147
2020-04-22,16167.649574279785,3710.7251939773596,19878.374768257145
2020-04-23,15351.590180397034,4529.735136032108,19881.325316429142
2020-04-24,8269.69987487793,11621.695230484012,19891.395105361942
2020-04-27,15972.510093688965,4071.9851474762,20044.495241165165
2020-04-28,17118.39992904663,3044.175167083744,20162.575096130375
2020-04-29,15613.019931793213,4473.655189514164,20086.675121307377
2020-04-30,11763.420078277588,8405.355075836185,20168.775154113773
2020-05-01,19460.019739151,628.4752025604284,20088.49494171143
2020-05-04,17194.72984313965,2982.1950378418005,20176.92488098145
2020-05-05,12893.159881591797,7457.275011062626,20350.434892654423
2020-05-06,18588.780113220215,1595.1849536895788,20183.965066909794
2020-05-07,17713.20011138916,2597.4649066925085,20310.66501808167
2020-05-08,13348.850065231323,7002.7049541473425,20351.555019378666
2020-05-11,18849.770104408264,1467.4949140548742,20317.26501846314
2020-05-12,14955.110237121582,5200.704870224003,20155.815107345585
2020-05-13,16608.660011291504,3336.484815597538,19945.14482688904
2020-05-14,17042.86972808838,2986.344865798954,20029.214593887333
2020-05-15,16751.699954986572,3184.664892196659,19936.36484718323
2020-05-18,6868.390075683594,14015.995126724247,20884.38520240784
2020-05-19,10644.549774169922,10206.3653087616,20850.915082931522
2020-05-20,11500.530038833618,9388.975238800052,20889.50527763367
2020-05-21,15670.02021408081,5127.015108108524,20797.035322189335
2020-05-22,17112.390285491943,3696.775098800663,20809.165384292606
2020-05-26,11574.68000125885,9518.895123481754,21093.575124740604
2020-05-27,9732.469987869263,11465.365223884586,21197.83521175385
2020-05-28,14639.580228805542,6493.395092964176,21132.975321769718
2020-05-29,11576.09976196289,9598.895277976993,21174.995039939884
2020-06-01,13427.099843978882,7610.575303077701,21037.675147056583
2020-06-02,14361.729830741882,6704.455336570743,21066.185167312626
2020-06-03,7550.5297775268555,13829.075301170353,21379.60507869721
2020-06-04,12045.570142745972,9380.345290184025,21425.915432929996
2020-06-05,16171.800292015076,5303.425141334537,21475.225433349613
2020-06-08,14306.129823684692,7289.705212593082,21595.835036277775
2020-06-09,11407.179834365845,10105.07554340363,21512.255377769474
2020-06-10,17492.709973335266,4065.6357355117834,21558.34570884705
2020-06-11,17325.11004924774,3578.6154623031653,20903.725511550907
2020-06-12,20855.77977371216,327.0654859542883,21182.845259666447
2020-06-15,19441.34987258911,1878.6454811096228,21319.995353698734
2020-06-16,10336.539901733398,11292.445598602299,21628.985500335697
2020-06-17,14127.48000907898,7526.43542003632,21653.9154291153
2020-06-18,13663.95001411438,7946.095419883732,21610.04543399811
2020-06-19,16417.75018310547,5198.08532238007,21615.83550548554
2020-06-22,18539.030541419983,3132.2152080535925,21671.245749473575
2020-06-23,16205.60008430481,5521.9553699493445,21727.555454254154
2020-06-24,20293.35019683838,960.835299491886,21254.185496330265
2020-06-25,20592.839864730835,621.0653543472322,21213.905219078068
2020-06-26,20750.47017097473,196.3453502655061,20946.815521240238
2020-06-29,10880.509847640991,10844.39513587952,21724.90498352051
2020-06-30,9706.319829940796,12152.69507980347,21859.014909744266
2020-07-01,11423.540027618408,10371.91506481171,21795.45509243012
2020-07-02,10805.930166244507,11130.705079078678,21936.635245323185
2020-07-06,10974.609946250916,11233.375079154972,22207.985025405887
2020-07-07,14160.80992794037,7990.855072975162,22151.665000915535
2020-07-08,15586.239784240723,6544.4951257705725,22130.734910011295
2020-07-09,20111.939823150635,1743.3951950073279,21855.335018157963
2020-07-10,17019.370460510254,5126.775344848636,22146.14580535889
2020-07-13,11560.489924430847,10443.62543010712,22004.115354537968
2020-07-14,12528.899738311768,9644.865643501285,22173.765381813053
2020-07-15,8759.130047798157,13631.575407028202,22390.70545482636
2020-07-16,11548.930143356323,10755.545312881473,22304.475456237797
2020-07-17,12928.910013198853,9356.255231857303,22285.165245056156
2020-07-20,16704.519939422607,5304.365183830265,22008.885123252872
2020-07-21,13762.559999465942,8398.015069007877,22160.57506847382
2020-07-22,15901.68030166626,6410.575024604801,22312.25532627106
2020-07-23,12617.780110359192,10356.044425010685,22973.824535369877
2020-07-24,22195.069727897644,700.6444768905681,22895.71420478821
2020-07-27,21207.990043640137,1876.7245512008694,23084.714594841007
2020-07-28,22340.419715881348,603.8945837020901,22944.31429958344
2020-07-29,7646.620014190674,15517.22460651398,23163.844620704655
2020-07-30,16653.61016845703,6337.174496650699,22990.78466510773
2020-07-31,22101.220375061035,634.0344705581701,22735.254845619205
2020-08-03,14331.199722290039,9484.25439167023,23815.45411396027
2020-08-04,11139.579907417297,12808.664550781254,23948.24445819855
2020-08-05,8702.949871063232,15351.28464508057,24054.234516143802
2020-08-06,8993.409969329834,14987.904655456547,23981.31462478638
2020-08-07,15729.569980621338,8430.604718208317,24160.174698829655
